2025-05-03 16:06:13 [restartedMain] INFO  c.s.portfolio.PortfolioApplication - Starting PortfolioApplication using Java 21.0.6 with PID 98554 (/Users/muhammedshemeeladmin/cursor/shemeel-portfolio-web/backend/target/classes started by muhammedshemeeladmin in /Users/muhammedshemeeladmin/cursor/shemeel-portfolio-web/backend)
2025-05-03 16:06:13 [restartedMain] DEBUG c.s.portfolio.PortfolioApplication - Running with Spring Boot v3.2.4, Spring v6.1.5
2025-05-03 16:06:13 [restartedMain] INFO  c.s.portfolio.PortfolioApplication - No active profile set, falling back to 1 default profile: "default"
2025-05-03 16:06:13 [restartedMain] INFO  o.s.b.d.e.DevToolsPropertyDefaultsPostProcessor - Devtools property defaults active! Set 'spring.devtools.add-properties' to 'false' to disable
2025-05-03 16:06:13 [restartedMain] INFO  o.s.b.d.e.DevToolsPropertyDefaultsPostProcessor - For additional web related logging consider setting the 'logging.level.web' property to 'DEBUG'
2025-05-03 16:06:13 [restartedMain] INFO  o.s.d.r.c.RepositoryConfigurationDelegate - Bootstrapping Spring Data MongoDB repositories in DEFAULT mode.
2025-05-03 16:06:13 [restartedMain] INFO  o.s.d.r.c.RepositoryConfigurationDelegate - Finished Spring Data repository scanning in 14 ms. Found 2 MongoDB repository interfaces.
2025-05-03 16:06:13 [restartedMain] INFO  o.s.b.w.e.tomcat.TomcatWebServer - Tomcat initialized with port 8080 (http)
2025-05-03 16:06:13 [restartedMain] INFO  o.a.catalina.core.StandardService - Starting service [Tomcat]
2025-05-03 16:06:13 [restartedMain] INFO  o.a.catalina.core.StandardEngine - Starting Servlet engine: [Apache Tomcat/10.1.19]
2025-05-03 16:06:13 [restartedMain] INFO  o.a.c.c.C.[.[localhost].[/api/v1] - Initializing Spring embedded WebApplicationContext
2025-05-03 16:06:13 [restartedMain] INFO  o.s.b.w.s.c.ServletWebServerApplicationContext - Root WebApplicationContext: initialization completed in 569 ms
2025-05-03 16:06:13 [restartedMain] INFO  org.mongodb.driver.client - MongoClient with metadata {"driver": {"name": "mongo-java-driver|sync|spring-boot", "version": "4.11.1"}, "os": {"type": "Darwin", "name": "Mac OS X", "architecture": "aarch64", "version": "15.4.1"}, "platform": "Java/Amazon.com Inc./21.0.6+7-LTS"} created with settings MongoClientSettings{readPreference=primary, writeConcern=WriteConcern{w=majority, wTimeout=null ms, journal=null}, retryWrites=true, retryReads=true, readConcern=ReadConcern{level=null}, credential=MongoCredential{mechanism=null, userName='username', source='portfolio_db', password=<hidden>, mechanismProperties=<hidden>}, transportSettings=null, streamFactoryFactory=null, commandListeners=[io.micrometer.core.instrument.binder.mongodb.MongoMetricsCommandListener@2583b732], codecRegistry=ProvidersCodecRegistry{codecProviders=[ValueCodecProvider{}, BsonValueCodecProvider{}, DBRefCodecProvider{}, DBObjectCodecProvider{}, DocumentCodecProvider{}, CollectionCodecProvider{}, IterableCodecProvider{}, MapCodecProvider{}, GeoJsonCodecProvider{}, GridFSFileCodecProvider{}, Jsr310CodecProvider{}, JsonObjectCodecProvider{}, BsonCodecProvider{}, EnumCodecProvider{}, com.mongodb.client.model.mql.ExpressionCodecProvider@201005e3, com.mongodb.Jep395RecordCodecProvider@319d2503, com.mongodb.KotlinCodecProvider@da04028]}, loggerSettings=LoggerSettings{maxDocumentLength=1000}, clusterSettings={hosts=[127.0.0.1:27017], srvHost=cluster.mongodb.net, srvServiceName=mongodb, mode=MULTIPLE, requiredClusterType=UNKNOWN, requiredReplicaSetName='null', serverSelector='null', clusterListeners='[]', serverSelectionTimeout='30000 ms', localThreshold='15 ms'}, socketSettings=SocketSettings{connectTimeoutMS=10000, readTimeoutMS=0, receiveBufferSize=0, proxySettings=ProxySettings{host=null, port=null, username=null, password=null}}, heartbeatSocketSettings=SocketSettings{connectTimeoutMS=10000, readTimeoutMS=10000, receiveBufferSize=0, proxySettings=ProxySettings{host=null, port=null, username=null, password=null}}, connectionPoolSettings=ConnectionPoolSettings{maxSize=100, minSize=0, maxWaitTimeMS=120000, maxConnectionLifeTimeMS=0, maxConnectionIdleTimeMS=0, maintenanceInitialDelayMS=0, maintenanceFrequencyMS=60000, connectionPoolListeners=[io.micrometer.core.instrument.binder.mongodb.MongoMetricsConnectionPoolListener@35a24c89], maxConnecting=2}, serverSettings=ServerSettings{heartbeatFrequencyMS=10000, minHeartbeatFrequencyMS=500, serverListeners='[]', serverMonitorListeners='[]'}, sslSettings=SslSettings{enabled=true, invalidHostNameAllowed=false, context=null}, applicationName='null', compressorList=[], uuidRepresentation=JAVA_LEGACY, serverApi=null, autoEncryptionSettings=null, dnsClient=null, inetAddressResolver=null, contextProvider=null}
2025-05-03 16:06:13 [cluster-ClusterId{value='681606b5ea5ddc6bb412e938', description='null'}-srv-cluster.mongodb.net] INFO  org.mongodb.driver.cluster - Exception while resolving SRV records
com.mongodb.MongoConfigurationException: Failed looking up SRV record for '_mongodb._tcp.cluster.mongodb.net'.
	at com.mongodb.internal.dns.DefaultDnsResolver.resolveHostFromSrvRecords(DefaultDnsResolver.java:96)
	at com.mongodb.internal.connection.DefaultDnsSrvRecordMonitor$DnsSrvRecordMonitorRunnable.run(DefaultDnsSrvRecordMonitor.java:80)
	at java.base/java.lang.Thread.run(Thread.java:1583)
Caused by: com.mongodb.spi.dns.DnsWithResponseCodeException: DNS name not found [response code 3]
	at com.mongodb.internal.dns.JndiDnsClient.getResourceRecordData(JndiDnsClient.java:52)
	at com.mongodb.internal.dns.DefaultDnsResolver.resolveHostFromSrvRecords(DefaultDnsResolver.java:78)
	... 2 common frames omitted
Caused by: javax.naming.NameNotFoundException: DNS name not found [response code 3]
	at jdk.naming.dns/com.sun.jndi.dns.DnsClient.checkResponseCode(DnsClient.java:726)
	at jdk.naming.dns/com.sun.jndi.dns.DnsClient.isMatchResponse(DnsClient.java:644)
	at jdk.naming.dns/com.sun.jndi.dns.DnsClient.doUdpQuery(DnsClient.java:463)
	at jdk.naming.dns/com.sun.jndi.dns.DnsClient.query(DnsClient.java:247)
	at jdk.naming.dns/com.sun.jndi.dns.Resolver.query(Resolver.java:81)
	at jdk.naming.dns/com.sun.jndi.dns.DnsContext.c_getAttributes(DnsContext.java:434)
	at java.naming/com.sun.jndi.toolkit.ctx.ComponentDirContext.p_getAttributes(ComponentDirContext.java:235)
	at java.naming/com.sun.jndi.toolkit.ctx.PartialCompositeDirContext.getAttributes(PartialCompositeDirContext.java:141)
	at java.naming/com.sun.jndi.toolkit.ctx.PartialCompositeDirContext.getAttributes(PartialCompositeDirContext.java:129)
	at java.naming/javax.naming.directory.InitialDirContext.getAttributes(InitialDirContext.java:171)
	at com.mongodb.internal.dns.JndiDnsClient.getResourceRecordData(JndiDnsClient.java:41)
	... 3 common frames omitted
2025-05-03 16:06:13 [restartedMain] INFO  o.s.b.d.a.OptionalLiveReloadServer - LiveReload server is running on port 35729
2025-05-03 16:06:14 [restartedMain] WARN  o.s.b.a.s.s.UserDetailsServiceAutoConfiguration - 

Using generated security password: c8f583c0-ab7b-40b8-bee5-326acfd5ee4c

This generated password is for development use only. Your security configuration must be updated before running your application in production.

2025-05-03 16:06:14 [restartedMain] INFO  o.s.b.a.e.web.EndpointLinksResolver - Exposing 3 endpoint(s) beneath base path '/actuator'
2025-05-03 16:06:14 [restartedMain] INFO  o.s.s.web.DefaultSecurityFilterChain - Will secure any request with [org.springframework.security.web.session.DisableEncodeUrlFilter@38eb1360, org.springframework.security.web.context.request.async.WebAsyncManagerIntegrationFilter@1f35fc41, org.springframework.security.web.context.SecurityContextHolderFilter@17329a15, org.springframework.security.web.header.HeaderWriterFilter@3a8bb86c, org.springframework.security.web.authentication.logout.LogoutFilter@7ec27899, org.springframework.security.web.savedrequest.RequestCacheAwareFilter@3967bc65, org.springframework.security.web.servletapi.SecurityContextHolderAwareRequestFilter@52cf4132, org.springframework.security.web.authentication.AnonymousAuthenticationFilter@cb65e29, org.springframework.security.web.access.ExceptionTranslationFilter@2703c93c, org.springframework.security.web.access.intercept.AuthorizationFilter@20b0e93d]
2025-05-03 16:06:14 [restartedMain] WARN  o.s.b.w.s.c.AnnotationConfigServletWebServerApplicationContext - Exception encountered during context initialization - cancelling refresh attempt: org.springframework.beans.factory.BeanCreationException: Error creating bean with name 'cacheAutoConfigurationValidator' defined in class path resource [org/springframework/boot/autoconfigure/cache/CacheAutoConfiguration.class]: No cache manager could be auto-configured, check your configuration (caching type is 'CAFFEINE')
2025-05-03 16:06:14 [restartedMain] INFO  o.a.catalina.core.StandardService - Stopping service [Tomcat]
2025-05-03 16:06:14 [restartedMain] INFO  o.s.b.a.l.ConditionEvaluationReportLogger - 

Error starting ApplicationContext. To display the condition evaluation report re-run your application with 'debug' enabled.
2025-05-03 16:06:14 [restartedMain] ERROR o.s.boot.SpringApplication - Application run failed
org.springframework.beans.factory.BeanCreationException: Error creating bean with name 'cacheAutoConfigurationValidator' defined in class path resource [org/springframework/boot/autoconfigure/cache/CacheAutoConfiguration.class]: No cache manager could be auto-configured, check your configuration (caching type is 'CAFFEINE')
	at org.springframework.beans.factory.support.AbstractAutowireCapableBeanFactory.initializeBean(AbstractAutowireCapableBeanFactory.java:1786)
	at org.springframework.beans.factory.support.AbstractAutowireCapableBeanFactory.doCreateBean(AbstractAutowireCapableBeanFactory.java:600)
	at org.springframework.beans.factory.support.AbstractAutowireCapableBeanFactory.createBean(AbstractAutowireCapableBeanFactory.java:522)
	at org.springframework.beans.factory.support.AbstractBeanFactory.lambda$doGetBean$0(AbstractBeanFactory.java:326)
	at org.springframework.beans.factory.support.DefaultSingletonBeanRegistry.getSingleton(DefaultSingletonBeanRegistry.java:234)
	at org.springframework.beans.factory.support.AbstractBeanFactory.doGetBean(AbstractBeanFactory.java:324)
	at org.springframework.beans.factory.support.AbstractBeanFactory.getBean(AbstractBeanFactory.java:200)
	at org.springframework.beans.factory.support.DefaultListableBeanFactory.preInstantiateSingletons(DefaultListableBeanFactory.java:975)
	at org.springframework.context.support.AbstractApplicationContext.finishBeanFactoryInitialization(AbstractApplicationContext.java:962)
	at org.springframework.context.support.AbstractApplicationContext.refresh(AbstractApplicationContext.java:624)
	at org.springframework.boot.web.servlet.context.ServletWebServerApplicationContext.refresh(ServletWebServerApplicationContext.java:146)
	at org.springframework.boot.SpringApplication.refresh(SpringApplication.java:754)
	at org.springframework.boot.SpringApplication.refreshContext(SpringApplication.java:456)
	at org.springframework.boot.SpringApplication.run(SpringApplication.java:334)
	at org.springframework.boot.SpringApplication.run(SpringApplication.java:1354)
	at org.springframework.boot.SpringApplication.run(SpringApplication.java:1343)
	at com.shemeel.portfolio.PortfolioApplication.main(PortfolioApplication.java:17)
	at java.base/jdk.internal.reflect.DirectMethodHandleAccessor.invoke(DirectMethodHandleAccessor.java:103)
	at java.base/java.lang.reflect.Method.invoke(Method.java:580)
	at org.springframework.boot.devtools.restart.RestartLauncher.run(RestartLauncher.java:50)
Caused by: java.lang.IllegalArgumentException: No cache manager could be auto-configured, check your configuration (caching type is 'CAFFEINE')
	at org.springframework.util.Assert.notNull(Assert.java:190)
	at org.springframework.boot.autoconfigure.cache.CacheAutoConfiguration$CacheManagerValidator.afterPropertiesSet(CacheAutoConfiguration.java:105)
	at org.springframework.beans.factory.support.AbstractAutowireCapableBeanFactory.invokeInitMethods(AbstractAutowireCapableBeanFactory.java:1833)
	at org.springframework.beans.factory.support.AbstractAutowireCapableBeanFactory.initializeBean(AbstractAutowireCapableBeanFactory.java:1782)
	... 19 common frames omitted
2025-05-03 16:07:39 [restartedMain] INFO  c.s.portfolio.PortfolioApplication - Starting PortfolioApplication using Java 21.0.6 with PID 99965 (/Users/muhammedshemeeladmin/cursor/shemeel-portfolio-web/backend/target/classes started by muhammedshemeeladmin in /Users/muhammedshemeeladmin/cursor/shemeel-portfolio-web/backend)
2025-05-03 16:07:39 [restartedMain] DEBUG c.s.portfolio.PortfolioApplication - Running with Spring Boot v3.2.4, Spring v6.1.5
2025-05-03 16:07:39 [restartedMain] INFO  c.s.portfolio.PortfolioApplication - No active profile set, falling back to 1 default profile: "default"
2025-05-03 16:07:39 [restartedMain] INFO  o.s.b.d.e.DevToolsPropertyDefaultsPostProcessor - Devtools property defaults active! Set 'spring.devtools.add-properties' to 'false' to disable
2025-05-03 16:07:39 [restartedMain] INFO  o.s.b.d.e.DevToolsPropertyDefaultsPostProcessor - For additional web related logging consider setting the 'logging.level.web' property to 'DEBUG'
2025-05-03 16:07:40 [restartedMain] INFO  o.s.d.r.c.RepositoryConfigurationDelegate - Bootstrapping Spring Data MongoDB repositories in DEFAULT mode.
2025-05-03 16:07:40 [restartedMain] INFO  o.s.d.r.c.RepositoryConfigurationDelegate - Finished Spring Data repository scanning in 15 ms. Found 2 MongoDB repository interfaces.
2025-05-03 16:07:40 [restartedMain] INFO  o.s.b.w.e.tomcat.TomcatWebServer - Tomcat initialized with port 8080 (http)
2025-05-03 16:07:40 [restartedMain] INFO  o.a.catalina.core.StandardService - Starting service [Tomcat]
2025-05-03 16:07:40 [restartedMain] INFO  o.a.catalina.core.StandardEngine - Starting Servlet engine: [Apache Tomcat/10.1.19]
2025-05-03 16:07:40 [restartedMain] INFO  o.a.c.c.C.[.[localhost].[/api/v1] - Initializing Spring embedded WebApplicationContext
2025-05-03 16:07:40 [restartedMain] INFO  o.s.b.w.s.c.ServletWebServerApplicationContext - Root WebApplicationContext: initialization completed in 572 ms
2025-05-03 16:07:40 [restartedMain] INFO  org.mongodb.driver.client - MongoClient with metadata {"driver": {"name": "mongo-java-driver|sync|spring-boot", "version": "4.11.1"}, "os": {"type": "Darwin", "name": "Mac OS X", "architecture": "aarch64", "version": "15.4.1"}, "platform": "Java/Amazon.com Inc./21.0.6+7-LTS"} created with settings MongoClientSettings{readPreference=primary, writeConcern=WriteConcern{w=null, wTimeout=null ms, journal=null}, retryWrites=true, retryReads=true, readConcern=ReadConcern{level=null}, credential=null, transportSettings=null, streamFactoryFactory=null, commandListeners=[io.micrometer.core.instrument.binder.mongodb.MongoMetricsCommandListener@9bdfa9e], codecRegistry=ProvidersCodecRegistry{codecProviders=[ValueCodecProvider{}, BsonValueCodecProvider{}, DBRefCodecProvider{}, DBObjectCodecProvider{}, DocumentCodecProvider{}, CollectionCodecProvider{}, IterableCodecProvider{}, MapCodecProvider{}, GeoJsonCodecProvider{}, GridFSFileCodecProvider{}, Jsr310CodecProvider{}, JsonObjectCodecProvider{}, BsonCodecProvider{}, EnumCodecProvider{}, com.mongodb.client.model.mql.ExpressionCodecProvider@5aff5e09, com.mongodb.Jep395RecordCodecProvider@7ab24d66, com.mongodb.KotlinCodecProvider@492ff195]}, loggerSettings=LoggerSettings{maxDocumentLength=1000}, clusterSettings={hosts=[localhost:27017], srvServiceName=mongodb, mode=SINGLE, requiredClusterType=UNKNOWN, requiredReplicaSetName='null', serverSelector='null', clusterListeners='[]', serverSelectionTimeout='30000 ms', localThreshold='15 ms'}, socketSettings=SocketSettings{connectTimeoutMS=10000, readTimeoutMS=0, receiveBufferSize=0, proxySettings=ProxySettings{host=null, port=null, username=null, password=null}}, heartbeatSocketSettings=SocketSettings{connectTimeoutMS=10000, readTimeoutMS=10000, receiveBufferSize=0, proxySettings=ProxySettings{host=null, port=null, username=null, password=null}}, connectionPoolSettings=ConnectionPoolSettings{maxSize=100, minSize=0, maxWaitTimeMS=120000, maxConnectionLifeTimeMS=0, maxConnectionIdleTimeMS=0, maintenanceInitialDelayMS=0, maintenanceFrequencyMS=60000, connectionPoolListeners=[io.micrometer.core.instrument.binder.mongodb.MongoMetricsConnectionPoolListener@2fa09b24], maxConnecting=2}, serverSettings=ServerSettings{heartbeatFrequencyMS=10000, minHeartbeatFrequencyMS=500, serverListeners='[]', serverMonitorListeners='[]'}, sslSettings=SslSettings{enabled=false, invalidHostNameAllowed=false, context=null}, applicationName='null', compressorList=[], uuidRepresentation=JAVA_LEGACY, serverApi=null, autoEncryptionSettings=null, dnsClient=null, inetAddressResolver=null, contextProvider=null}
2025-05-03 16:07:40 [cluster-ClusterId{value='6816070c6c586326022a8e32', description='null'}-localhost:27017] INFO  org.mongodb.driver.cluster - Monitor thread successfully connected to server with description ServerDescription{address=localhost:27017, type=STANDALONE, state=CONNECTED, ok=true, minWireVersion=0, maxWireVersion=25, maxDocumentSize=16777216, logicalSessionTimeoutMinutes=30, roundTripTimeNanos=12014250}
2025-05-03 16:07:40 [restartedMain] INFO  o.s.b.d.a.OptionalLiveReloadServer - LiveReload server is running on port 35729
2025-05-03 16:07:40 [restartedMain] WARN  o.s.b.a.s.s.UserDetailsServiceAutoConfiguration - 

Using generated security password: 50374354-ebcf-431a-a79a-041cc94c7ff1

This generated password is for development use only. Your security configuration must be updated before running your application in production.

2025-05-03 16:07:40 [restartedMain] INFO  o.s.b.a.e.web.EndpointLinksResolver - Exposing 3 endpoint(s) beneath base path '/actuator'
2025-05-03 16:07:40 [restartedMain] INFO  o.s.s.web.DefaultSecurityFilterChain - Will secure any request with [org.springframework.security.web.session.DisableEncodeUrlFilter@66862e66, org.springframework.security.web.context.request.async.WebAsyncManagerIntegrationFilter@7e89a4e9, org.springframework.security.web.context.SecurityContextHolderFilter@a98877a, org.springframework.security.web.header.HeaderWriterFilter@7c783978, org.springframework.web.filter.CorsFilter@9ab2dbc, org.springframework.security.web.authentication.logout.LogoutFilter@5a70e9b6, org.springframework.security.web.savedrequest.RequestCacheAwareFilter@11328010, org.springframework.security.web.servletapi.SecurityContextHolderAwareRequestFilter@54ad068c, org.springframework.security.web.authentication.AnonymousAuthenticationFilter@491353ba, org.springframework.security.web.access.ExceptionTranslationFilter@7fbc29af, org.springframework.security.web.access.intercept.AuthorizationFilter@771df15e]
2025-05-03 16:07:40 [restartedMain] WARN  o.s.b.w.s.c.AnnotationConfigServletWebServerApplicationContext - Exception encountered during context initialization - cancelling refresh attempt: org.springframework.beans.factory.BeanCreationException: Error creating bean with name 'cacheAutoConfigurationValidator' defined in class path resource [org/springframework/boot/autoconfigure/cache/CacheAutoConfiguration.class]: No cache manager could be auto-configured, check your configuration (caching type is 'CAFFEINE')
2025-05-03 16:07:40 [restartedMain] INFO  o.a.catalina.core.StandardService - Stopping service [Tomcat]
2025-05-03 16:07:40 [restartedMain] INFO  o.s.b.a.l.ConditionEvaluationReportLogger - 

Error starting ApplicationContext. To display the condition evaluation report re-run your application with 'debug' enabled.
2025-05-03 16:07:40 [restartedMain] ERROR o.s.boot.SpringApplication - Application run failed
org.springframework.beans.factory.BeanCreationException: Error creating bean with name 'cacheAutoConfigurationValidator' defined in class path resource [org/springframework/boot/autoconfigure/cache/CacheAutoConfiguration.class]: No cache manager could be auto-configured, check your configuration (caching type is 'CAFFEINE')
	at org.springframework.beans.factory.support.AbstractAutowireCapableBeanFactory.initializeBean(AbstractAutowireCapableBeanFactory.java:1786)
	at org.springframework.beans.factory.support.AbstractAutowireCapableBeanFactory.doCreateBean(AbstractAutowireCapableBeanFactory.java:600)
	at org.springframework.beans.factory.support.AbstractAutowireCapableBeanFactory.createBean(AbstractAutowireCapableBeanFactory.java:522)
	at org.springframework.beans.factory.support.AbstractBeanFactory.lambda$doGetBean$0(AbstractBeanFactory.java:326)
	at org.springframework.beans.factory.support.DefaultSingletonBeanRegistry.getSingleton(DefaultSingletonBeanRegistry.java:234)
	at org.springframework.beans.factory.support.AbstractBeanFactory.doGetBean(AbstractBeanFactory.java:324)
	at org.springframework.beans.factory.support.AbstractBeanFactory.getBean(AbstractBeanFactory.java:200)
	at org.springframework.beans.factory.support.DefaultListableBeanFactory.preInstantiateSingletons(DefaultListableBeanFactory.java:975)
	at org.springframework.context.support.AbstractApplicationContext.finishBeanFactoryInitialization(AbstractApplicationContext.java:962)
	at org.springframework.context.support.AbstractApplicationContext.refresh(AbstractApplicationContext.java:624)
	at org.springframework.boot.web.servlet.context.ServletWebServerApplicationContext.refresh(ServletWebServerApplicationContext.java:146)
	at org.springframework.boot.SpringApplication.refresh(SpringApplication.java:754)
	at org.springframework.boot.SpringApplication.refreshContext(SpringApplication.java:456)
	at org.springframework.boot.SpringApplication.run(SpringApplication.java:334)
	at org.springframework.boot.SpringApplication.run(SpringApplication.java:1354)
	at org.springframework.boot.SpringApplication.run(SpringApplication.java:1343)
	at com.shemeel.portfolio.PortfolioApplication.main(PortfolioApplication.java:17)
	at java.base/jdk.internal.reflect.DirectMethodHandleAccessor.invoke(DirectMethodHandleAccessor.java:103)
	at java.base/java.lang.reflect.Method.invoke(Method.java:580)
	at org.springframework.boot.devtools.restart.RestartLauncher.run(RestartLauncher.java:50)
Caused by: java.lang.IllegalArgumentException: No cache manager could be auto-configured, check your configuration (caching type is 'CAFFEINE')
	at org.springframework.util.Assert.notNull(Assert.java:190)
	at org.springframework.boot.autoconfigure.cache.CacheAutoConfiguration$CacheManagerValidator.afterPropertiesSet(CacheAutoConfiguration.java:105)
	at org.springframework.beans.factory.support.AbstractAutowireCapableBeanFactory.invokeInitMethods(AbstractAutowireCapableBeanFactory.java:1833)
	at org.springframework.beans.factory.support.AbstractAutowireCapableBeanFactory.initializeBean(AbstractAutowireCapableBeanFactory.java:1782)
	... 19 common frames omitted
2025-05-03 16:08:34 [restartedMain] INFO  c.s.portfolio.PortfolioApplication - Starting PortfolioApplication using Java 21.0.6 with PID 364 (/Users/muhammedshemeeladmin/cursor/shemeel-portfolio-web/backend/target/classes started by muhammedshemeeladmin in /Users/muhammedshemeeladmin/cursor/shemeel-portfolio-web/backend)
2025-05-03 16:08:34 [restartedMain] DEBUG c.s.portfolio.PortfolioApplication - Running with Spring Boot v3.2.4, Spring v6.1.5
2025-05-03 16:08:34 [restartedMain] INFO  c.s.portfolio.PortfolioApplication - No active profile set, falling back to 1 default profile: "default"
2025-05-03 16:08:34 [restartedMain] INFO  o.s.b.d.e.DevToolsPropertyDefaultsPostProcessor - Devtools property defaults active! Set 'spring.devtools.add-properties' to 'false' to disable
2025-05-03 16:08:34 [restartedMain] INFO  o.s.b.d.e.DevToolsPropertyDefaultsPostProcessor - For additional web related logging consider setting the 'logging.level.web' property to 'DEBUG'
2025-05-03 16:08:34 [restartedMain] INFO  o.s.d.r.c.RepositoryConfigurationDelegate - Bootstrapping Spring Data MongoDB repositories in DEFAULT mode.
2025-05-03 16:08:34 [restartedMain] INFO  o.s.d.r.c.RepositoryConfigurationDelegate - Finished Spring Data repository scanning in 16 ms. Found 2 MongoDB repository interfaces.
2025-05-03 16:08:34 [restartedMain] INFO  o.s.b.w.e.tomcat.TomcatWebServer - Tomcat initialized with port 8080 (http)
2025-05-03 16:08:34 [restartedMain] INFO  o.a.catalina.core.StandardService - Starting service [Tomcat]
2025-05-03 16:08:34 [restartedMain] INFO  o.a.catalina.core.StandardEngine - Starting Servlet engine: [Apache Tomcat/10.1.19]
2025-05-03 16:08:34 [restartedMain] INFO  o.a.c.c.C.[.[localhost].[/api/v1] - Initializing Spring embedded WebApplicationContext
2025-05-03 16:08:34 [restartedMain] INFO  o.s.b.w.s.c.ServletWebServerApplicationContext - Root WebApplicationContext: initialization completed in 567 ms
2025-05-03 16:08:35 [restartedMain] INFO  org.mongodb.driver.client - MongoClient with metadata {"driver": {"name": "mongo-java-driver|sync|spring-boot", "version": "4.11.1"}, "os": {"type": "Darwin", "name": "Mac OS X", "architecture": "aarch64", "version": "15.4.1"}, "platform": "Java/Amazon.com Inc./21.0.6+7-LTS"} created with settings MongoClientSettings{readPreference=primary, writeConcern=WriteConcern{w=null, wTimeout=null ms, journal=null}, retryWrites=true, retryReads=true, readConcern=ReadConcern{level=null}, credential=null, transportSettings=null, streamFactoryFactory=null, commandListeners=[io.micrometer.core.instrument.binder.mongodb.MongoMetricsCommandListener@2d8059d0], codecRegistry=ProvidersCodecRegistry{codecProviders=[ValueCodecProvider{}, BsonValueCodecProvider{}, DBRefCodecProvider{}, DBObjectCodecProvider{}, DocumentCodecProvider{}, CollectionCodecProvider{}, IterableCodecProvider{}, MapCodecProvider{}, GeoJsonCodecProvider{}, GridFSFileCodecProvider{}, Jsr310CodecProvider{}, JsonObjectCodecProvider{}, BsonCodecProvider{}, EnumCodecProvider{}, com.mongodb.client.model.mql.ExpressionCodecProvider@740eaee, com.mongodb.Jep395RecordCodecProvider@4a804260, com.mongodb.KotlinCodecProvider@7ad09ec7]}, loggerSettings=LoggerSettings{maxDocumentLength=1000}, clusterSettings={hosts=[localhost:27017], srvServiceName=mongodb, mode=SINGLE, requiredClusterType=UNKNOWN, requiredReplicaSetName='null', serverSelector='null', clusterListeners='[]', serverSelectionTimeout='30000 ms', localThreshold='15 ms'}, socketSettings=SocketSettings{connectTimeoutMS=10000, readTimeoutMS=0, receiveBufferSize=0, proxySettings=ProxySettings{host=null, port=null, username=null, password=null}}, heartbeatSocketSettings=SocketSettings{connectTimeoutMS=10000, readTimeoutMS=10000, receiveBufferSize=0, proxySettings=ProxySettings{host=null, port=null, username=null, password=null}}, connectionPoolSettings=ConnectionPoolSettings{maxSize=100, minSize=0, maxWaitTimeMS=120000, maxConnectionLifeTimeMS=0, maxConnectionIdleTimeMS=0, maintenanceInitialDelayMS=0, maintenanceFrequencyMS=60000, connectionPoolListeners=[io.micrometer.core.instrument.binder.mongodb.MongoMetricsConnectionPoolListener@55310694], maxConnecting=2}, serverSettings=ServerSettings{heartbeatFrequencyMS=10000, minHeartbeatFrequencyMS=500, serverListeners='[]', serverMonitorListeners='[]'}, sslSettings=SslSettings{enabled=false, invalidHostNameAllowed=false, context=null}, applicationName='null', compressorList=[], uuidRepresentation=JAVA_LEGACY, serverApi=null, autoEncryptionSettings=null, dnsClient=null, inetAddressResolver=null, contextProvider=null}
2025-05-03 16:08:35 [cluster-ClusterId{value='68160742c557811cf3c8915d', description='null'}-localhost:27017] INFO  org.mongodb.driver.cluster - Monitor thread successfully connected to server with description ServerDescription{address=localhost:27017, type=STANDALONE, state=CONNECTED, ok=true, minWireVersion=0, maxWireVersion=25, maxDocumentSize=16777216, logicalSessionTimeoutMinutes=30, roundTripTimeNanos=11016792}
2025-05-03 16:08:35 [restartedMain] INFO  o.s.b.d.a.OptionalLiveReloadServer - LiveReload server is running on port 35729
2025-05-03 16:08:35 [restartedMain] WARN  o.s.b.a.s.s.UserDetailsServiceAutoConfiguration - 

Using generated security password: a771888d-870c-404a-800d-bbe7506227e1

This generated password is for development use only. Your security configuration must be updated before running your application in production.

2025-05-03 16:08:35 [restartedMain] INFO  o.s.b.a.e.web.EndpointLinksResolver - Exposing 3 endpoint(s) beneath base path '/actuator'
2025-05-03 16:08:35 [restartedMain] INFO  o.s.s.web.DefaultSecurityFilterChain - Will secure any request with [org.springframework.security.web.session.DisableEncodeUrlFilter@38ed72a6, org.springframework.security.web.context.request.async.WebAsyncManagerIntegrationFilter@cb51c4c, org.springframework.security.web.context.SecurityContextHolderFilter@5a1503d3, org.springframework.security.web.header.HeaderWriterFilter@6da9e693, org.springframework.web.filter.CorsFilter@7abc084, org.springframework.security.web.authentication.logout.LogoutFilter@39c635eb, org.springframework.security.web.savedrequest.RequestCacheAwareFilter@37c75807, org.springframework.security.web.servletapi.SecurityContextHolderAwareRequestFilter@5b970333, org.springframework.security.web.authentication.AnonymousAuthenticationFilter@3b1c702, org.springframework.security.web.access.ExceptionTranslationFilter@348260af, org.springframework.security.web.access.intercept.AuthorizationFilter@2c4305e2]
2025-05-03 16:08:35 [restartedMain] INFO  o.s.b.w.e.tomcat.TomcatWebServer - Tomcat started on port 8080 (http) with context path '/api/v1'
2025-05-03 16:08:35 [restartedMain] INFO  c.s.portfolio.PortfolioApplication - Started PortfolioApplication in 1.315 seconds (process running for 1.458)
2025-05-03 16:11:56 [restartedMain] INFO  c.s.portfolio.PortfolioApplication - Starting PortfolioApplication using Java 21.0.6 with PID 5862 (/Users/muhammedshemeeladmin/cursor/shemeel-portfolio-web/backend/target/classes started by muhammedshemeeladmin in /Users/muhammedshemeeladmin/cursor/shemeel-portfolio-web/backend)
2025-05-03 16:11:56 [restartedMain] DEBUG c.s.portfolio.PortfolioApplication - Running with Spring Boot v3.2.4, Spring v6.1.5
2025-05-03 16:11:56 [restartedMain] INFO  c.s.portfolio.PortfolioApplication - No active profile set, falling back to 1 default profile: "default"
2025-05-03 16:11:56 [restartedMain] INFO  o.s.b.d.e.DevToolsPropertyDefaultsPostProcessor - Devtools property defaults active! Set 'spring.devtools.add-properties' to 'false' to disable
2025-05-03 16:11:56 [restartedMain] INFO  o.s.b.d.e.DevToolsPropertyDefaultsPostProcessor - For additional web related logging consider setting the 'logging.level.web' property to 'DEBUG'
2025-05-03 16:11:56 [restartedMain] INFO  o.s.d.r.c.RepositoryConfigurationDelegate - Bootstrapping Spring Data MongoDB repositories in DEFAULT mode.
2025-05-03 16:11:56 [restartedMain] INFO  o.s.d.r.c.RepositoryConfigurationDelegate - Finished Spring Data repository scanning in 17 ms. Found 3 MongoDB repository interfaces.
2025-05-03 16:11:56 [restartedMain] INFO  o.s.b.w.e.tomcat.TomcatWebServer - Tomcat initialized with port 8080 (http)
2025-05-03 16:11:56 [restartedMain] INFO  o.a.catalina.core.StandardService - Starting service [Tomcat]
2025-05-03 16:11:56 [restartedMain] INFO  o.a.catalina.core.StandardEngine - Starting Servlet engine: [Apache Tomcat/10.1.19]
2025-05-03 16:11:56 [restartedMain] INFO  o.a.c.c.C.[.[localhost].[/api/v1] - Initializing Spring embedded WebApplicationContext
2025-05-03 16:11:56 [restartedMain] INFO  o.s.b.w.s.c.ServletWebServerApplicationContext - Root WebApplicationContext: initialization completed in 574 ms
2025-05-03 16:11:57 [restartedMain] INFO  org.mongodb.driver.client - MongoClient with metadata {"driver": {"name": "mongo-java-driver|sync|spring-boot", "version": "4.11.1"}, "os": {"type": "Darwin", "name": "Mac OS X", "architecture": "aarch64", "version": "15.4.1"}, "platform": "Java/Amazon.com Inc./21.0.6+7-LTS"} created with settings MongoClientSettings{readPreference=primary, writeConcern=WriteConcern{w=null, wTimeout=null ms, journal=null}, retryWrites=true, retryReads=true, readConcern=ReadConcern{level=null}, credential=null, transportSettings=null, streamFactoryFactory=null, commandListeners=[io.micrometer.core.instrument.binder.mongodb.MongoMetricsCommandListener@4becdd21], codecRegistry=ProvidersCodecRegistry{codecProviders=[ValueCodecProvider{}, BsonValueCodecProvider{}, DBRefCodecProvider{}, DBObjectCodecProvider{}, DocumentCodecProvider{}, CollectionCodecProvider{}, IterableCodecProvider{}, MapCodecProvider{}, GeoJsonCodecProvider{}, GridFSFileCodecProvider{}, Jsr310CodecProvider{}, JsonObjectCodecProvider{}, BsonCodecProvider{}, EnumCodecProvider{}, com.mongodb.client.model.mql.ExpressionCodecProvider@39bcd209, com.mongodb.Jep395RecordCodecProvider@356e9a19, com.mongodb.KotlinCodecProvider@51f541c3]}, loggerSettings=LoggerSettings{maxDocumentLength=1000}, clusterSettings={hosts=[localhost:27017], srvServiceName=mongodb, mode=SINGLE, requiredClusterType=UNKNOWN, requiredReplicaSetName='null', serverSelector='null', clusterListeners='[]', serverSelectionTimeout='30000 ms', localThreshold='15 ms'}, socketSettings=SocketSettings{connectTimeoutMS=10000, readTimeoutMS=0, receiveBufferSize=0, proxySettings=ProxySettings{host=null, port=null, username=null, password=null}}, heartbeatSocketSettings=SocketSettings{connectTimeoutMS=10000, readTimeoutMS=10000, receiveBufferSize=0, proxySettings=ProxySettings{host=null, port=null, username=null, password=null}}, connectionPoolSettings=ConnectionPoolSettings{maxSize=100, minSize=0, maxWaitTimeMS=120000, maxConnectionLifeTimeMS=0, maxConnectionIdleTimeMS=0, maintenanceInitialDelayMS=0, maintenanceFrequencyMS=60000, connectionPoolListeners=[io.micrometer.core.instrument.binder.mongodb.MongoMetricsConnectionPoolListener@7cdd8b09], maxConnecting=2}, serverSettings=ServerSettings{heartbeatFrequencyMS=10000, minHeartbeatFrequencyMS=500, serverListeners='[]', serverMonitorListeners='[]'}, sslSettings=SslSettings{enabled=false, invalidHostNameAllowed=false, context=null}, applicationName='null', compressorList=[], uuidRepresentation=JAVA_LEGACY, serverApi=null, autoEncryptionSettings=null, dnsClient=null, inetAddressResolver=null, contextProvider=null}
2025-05-03 16:11:57 [cluster-ClusterId{value='6816080d841bbf6b067af2f1', description='null'}-localhost:27017] INFO  org.mongodb.driver.cluster - Monitor thread successfully connected to server with description ServerDescription{address=localhost:27017, type=STANDALONE, state=CONNECTED, ok=true, minWireVersion=0, maxWireVersion=25, maxDocumentSize=16777216, logicalSessionTimeoutMinutes=30, roundTripTimeNanos=11658875}
2025-05-03 16:11:57 [restartedMain] INFO  o.s.b.d.a.OptionalLiveReloadServer - LiveReload server is running on port 35729
2025-05-03 16:11:57 [restartedMain] WARN  o.s.b.a.s.s.UserDetailsServiceAutoConfiguration - 

Using generated security password: 9939ded3-ae82-4406-a395-932e76f39455

This generated password is for development use only. Your security configuration must be updated before running your application in production.

2025-05-03 16:11:57 [restartedMain] INFO  o.s.b.a.e.web.EndpointLinksResolver - Exposing 3 endpoint(s) beneath base path '/actuator'
2025-05-03 16:11:57 [restartedMain] INFO  o.s.s.web.DefaultSecurityFilterChain - Will secure any request with [org.springframework.security.web.session.DisableEncodeUrlFilter@7ca033d8, org.springframework.security.web.context.request.async.WebAsyncManagerIntegrationFilter@16fa8ad0, org.springframework.security.web.context.SecurityContextHolderFilter@620850e5, org.springframework.security.web.header.HeaderWriterFilter@21f70ba8, org.springframework.web.filter.CorsFilter@6362e5c6, org.springframework.security.web.authentication.logout.LogoutFilter@2be2bf83, org.springframework.security.web.savedrequest.RequestCacheAwareFilter@731ca20, org.springframework.security.web.servletapi.SecurityContextHolderAwareRequestFilter@17b0ef2d, org.springframework.security.web.authentication.AnonymousAuthenticationFilter@503f79c6, org.springframework.security.web.access.ExceptionTranslationFilter@ac9ef2e, org.springframework.security.web.access.intercept.AuthorizationFilter@6c00c60a]
2025-05-03 16:11:57 [restartedMain] INFO  o.s.b.w.e.tomcat.TomcatWebServer - Tomcat started on port 8080 (http) with context path '/api/v1'
2025-05-03 16:11:57 [restartedMain] INFO  c.s.portfolio.PortfolioApplication - Started PortfolioApplication in 1.369 seconds (process running for 1.512)
2025-05-03 16:14:23 [restartedMain] INFO  c.s.portfolio.PortfolioApplication - Starting PortfolioApplication using Java 21.0.6 with PID 6528 (/Users/muhammedshemeeladmin/cursor/shemeel-portfolio-web/backend/target/classes started by muhammedshemeeladmin in /Users/muhammedshemeeladmin/cursor/shemeel-portfolio-web/backend)
2025-05-03 16:14:23 [restartedMain] DEBUG c.s.portfolio.PortfolioApplication - Running with Spring Boot v3.2.4, Spring v6.1.5
2025-05-03 16:14:23 [restartedMain] INFO  c.s.portfolio.PortfolioApplication - No active profile set, falling back to 1 default profile: "default"
2025-05-03 16:14:23 [restartedMain] INFO  o.s.b.d.e.DevToolsPropertyDefaultsPostProcessor - Devtools property defaults active! Set 'spring.devtools.add-properties' to 'false' to disable
2025-05-03 16:14:23 [restartedMain] INFO  o.s.b.d.e.DevToolsPropertyDefaultsPostProcessor - For additional web related logging consider setting the 'logging.level.web' property to 'DEBUG'
2025-05-03 16:14:24 [restartedMain] INFO  o.s.d.r.c.RepositoryConfigurationDelegate - Bootstrapping Spring Data MongoDB repositories in DEFAULT mode.
2025-05-03 16:14:24 [restartedMain] INFO  o.s.d.r.c.RepositoryConfigurationDelegate - Finished Spring Data repository scanning in 13 ms. Found 3 MongoDB repository interfaces.
2025-05-03 16:14:24 [restartedMain] INFO  o.s.b.w.e.tomcat.TomcatWebServer - Tomcat initialized with port 8080 (http)
2025-05-03 16:14:24 [restartedMain] INFO  o.a.catalina.core.StandardService - Starting service [Tomcat]
2025-05-03 16:14:24 [restartedMain] INFO  o.a.catalina.core.StandardEngine - Starting Servlet engine: [Apache Tomcat/10.1.19]
2025-05-03 16:14:24 [restartedMain] INFO  o.a.c.c.C.[.[localhost].[/api/v1] - Initializing Spring embedded WebApplicationContext
2025-05-03 16:14:24 [restartedMain] INFO  o.s.b.w.s.c.ServletWebServerApplicationContext - Root WebApplicationContext: initialization completed in 593 ms
2025-05-03 16:14:24 [restartedMain] INFO  org.mongodb.driver.client - MongoClient with metadata {"driver": {"name": "mongo-java-driver|sync|spring-boot", "version": "4.11.1"}, "os": {"type": "Darwin", "name": "Mac OS X", "architecture": "aarch64", "version": "15.4.1"}, "platform": "Java/Amazon.com Inc./21.0.6+7-LTS"} created with settings MongoClientSettings{readPreference=primary, writeConcern=WriteConcern{w=null, wTimeout=null ms, journal=null}, retryWrites=true, retryReads=true, readConcern=ReadConcern{level=null}, credential=null, transportSettings=null, streamFactoryFactory=null, commandListeners=[io.micrometer.core.instrument.binder.mongodb.MongoMetricsCommandListener@7c9d7beb], codecRegistry=ProvidersCodecRegistry{codecProviders=[ValueCodecProvider{}, BsonValueCodecProvider{}, DBRefCodecProvider{}, DBObjectCodecProvider{}, DocumentCodecProvider{}, CollectionCodecProvider{}, IterableCodecProvider{}, MapCodecProvider{}, GeoJsonCodecProvider{}, GridFSFileCodecProvider{}, Jsr310CodecProvider{}, JsonObjectCodecProvider{}, BsonCodecProvider{}, EnumCodecProvider{}, com.mongodb.client.model.mql.ExpressionCodecProvider@409a2f1b, com.mongodb.Jep395RecordCodecProvider@77a672ed, com.mongodb.KotlinCodecProvider@3f25ef58]}, loggerSettings=LoggerSettings{maxDocumentLength=1000}, clusterSettings={hosts=[localhost:27017], srvServiceName=mongodb, mode=SINGLE, requiredClusterType=UNKNOWN, requiredReplicaSetName='null', serverSelector='null', clusterListeners='[]', serverSelectionTimeout='30000 ms', localThreshold='15 ms'}, socketSettings=SocketSettings{connectTimeoutMS=10000, readTimeoutMS=0, receiveBufferSize=0, proxySettings=ProxySettings{host=null, port=null, username=null, password=null}}, heartbeatSocketSettings=SocketSettings{connectTimeoutMS=10000, readTimeoutMS=10000, receiveBufferSize=0, proxySettings=ProxySettings{host=null, port=null, username=null, password=null}}, connectionPoolSettings=ConnectionPoolSettings{maxSize=100, minSize=0, maxWaitTimeMS=120000, maxConnectionLifeTimeMS=0, maxConnectionIdleTimeMS=0, maintenanceInitialDelayMS=0, maintenanceFrequencyMS=60000, connectionPoolListeners=[io.micrometer.core.instrument.binder.mongodb.MongoMetricsConnectionPoolListener@28708974], maxConnecting=2}, serverSettings=ServerSettings{heartbeatFrequencyMS=10000, minHeartbeatFrequencyMS=500, serverListeners='[]', serverMonitorListeners='[]'}, sslSettings=SslSettings{enabled=false, invalidHostNameAllowed=false, context=null}, applicationName='null', compressorList=[], uuidRepresentation=JAVA_LEGACY, serverApi=null, autoEncryptionSettings=null, dnsClient=null, inetAddressResolver=null, contextProvider=null}
2025-05-03 16:14:24 [cluster-ClusterId{value='681608a0aceae6678b8d2ec5', description='null'}-localhost:27017] INFO  org.mongodb.driver.cluster - Monitor thread successfully connected to server with description ServerDescription{address=localhost:27017, type=STANDALONE, state=CONNECTED, ok=true, minWireVersion=0, maxWireVersion=25, maxDocumentSize=16777216, logicalSessionTimeoutMinutes=30, roundTripTimeNanos=8011833}
2025-05-03 16:14:24 [restartedMain] INFO  o.s.b.d.a.OptionalLiveReloadServer - LiveReload server is running on port 35729
2025-05-03 16:14:24 [restartedMain] WARN  o.s.b.a.s.s.UserDetailsServiceAutoConfiguration - 

Using generated security password: 2d5ea228-da00-45d1-942e-20ab74a8ec79

This generated password is for development use only. Your security configuration must be updated before running your application in production.

2025-05-03 16:14:24 [restartedMain] INFO  o.s.b.a.e.web.EndpointLinksResolver - Exposing 3 endpoint(s) beneath base path '/actuator'
2025-05-03 16:14:24 [restartedMain] INFO  o.s.s.web.DefaultSecurityFilterChain - Will secure any request with [org.springframework.security.web.session.DisableEncodeUrlFilter@3fc5c465, org.springframework.security.web.context.request.async.WebAsyncManagerIntegrationFilter@31784f3b, org.springframework.security.web.context.SecurityContextHolderFilter@31d6e015, org.springframework.security.web.header.HeaderWriterFilter@68e68481, org.springframework.web.filter.CorsFilter@116c5ee0, org.springframework.security.web.authentication.logout.LogoutFilter@53ced2cf, org.springframework.security.web.savedrequest.RequestCacheAwareFilter@58e89ce9, org.springframework.security.web.servletapi.SecurityContextHolderAwareRequestFilter@40543f30, org.springframework.security.web.authentication.AnonymousAuthenticationFilter@78fb1839, org.springframework.security.web.access.ExceptionTranslationFilter@7bdbc9e9, org.springframework.security.web.access.intercept.AuthorizationFilter@558b7719]
2025-05-03 16:14:24 [restartedMain] INFO  o.s.b.w.e.tomcat.TomcatWebServer - Tomcat started on port 8080 (http) with context path '/api/v1'
2025-05-03 16:14:24 [restartedMain] INFO  c.s.portfolio.PortfolioApplication - Started PortfolioApplication in 1.348 seconds (process running for 1.587)
2025-05-03 16:14:24 [RMI TCP Connection(3)-127.0.0.1] INFO  o.a.c.c.C.[.[localhost].[/api/v1] - Initializing Spring DispatcherServlet 'dispatcherServlet'
2025-05-03 16:14:24 [RMI TCP Connection(3)-127.0.0.1] INFO  o.s.web.servlet.DispatcherServlet - Initializing Servlet 'dispatcherServlet'
2025-05-03 16:14:24 [RMI TCP Connection(3)-127.0.0.1] INFO  o.s.web.servlet.DispatcherServlet - Completed initialization in 1 ms
2025-05-03 16:14:30 [File Watcher] INFO  o.s.b.d.a.LocalDevToolsAutoConfiguration$RestartingClassPathChangeChangedEventListener - Restarting due to 21 class path changes (0 additions, 0 deletions, 21 modifications)
2025-05-03 16:14:31 [restartedMain] INFO  c.s.portfolio.PortfolioApplication - Starting PortfolioApplication using Java 21.0.6 with PID 6528 (/Users/muhammedshemeeladmin/cursor/shemeel-portfolio-web/backend/target/classes started by muhammedshemeeladmin in /Users/muhammedshemeeladmin/cursor/shemeel-portfolio-web/backend)
2025-05-03 16:14:31 [restartedMain] DEBUG c.s.portfolio.PortfolioApplication - Running with Spring Boot v3.2.4, Spring v6.1.5
2025-05-03 16:14:31 [restartedMain] INFO  c.s.portfolio.PortfolioApplication - No active profile set, falling back to 1 default profile: "default"
2025-05-03 16:14:31 [restartedMain] INFO  o.s.d.r.c.RepositoryConfigurationDelegate - Bootstrapping Spring Data MongoDB repositories in DEFAULT mode.
2025-05-03 16:14:31 [restartedMain] INFO  o.s.d.r.c.RepositoryConfigurationDelegate - Finished Spring Data repository scanning in 3 ms. Found 3 MongoDB repository interfaces.
2025-05-03 16:14:31 [restartedMain] INFO  o.s.b.w.e.tomcat.TomcatWebServer - Tomcat initialized with port 8080 (http)
2025-05-03 16:14:31 [restartedMain] INFO  o.a.catalina.core.StandardService - Starting service [Tomcat]
2025-05-03 16:14:31 [restartedMain] INFO  o.a.catalina.core.StandardEngine - Starting Servlet engine: [Apache Tomcat/10.1.19]
2025-05-03 16:14:31 [restartedMain] INFO  o.a.c.c.C.[.[localhost].[/api/v1] - Initializing Spring embedded WebApplicationContext
2025-05-03 16:14:31 [restartedMain] INFO  o.s.b.w.s.c.ServletWebServerApplicationContext - Root WebApplicationContext: initialization completed in 144 ms
2025-05-03 16:14:31 [restartedMain] INFO  org.mongodb.driver.client - MongoClient with metadata {"driver": {"name": "mongo-java-driver|sync|spring-boot", "version": "4.11.1"}, "os": {"type": "Darwin", "name": "Mac OS X", "architecture": "aarch64", "version": "15.4.1"}, "platform": "Java/Amazon.com Inc./21.0.6+7-LTS"} created with settings MongoClientSettings{readPreference=primary, writeConcern=WriteConcern{w=null, wTimeout=null ms, journal=null}, retryWrites=true, retryReads=true, readConcern=ReadConcern{level=null}, credential=null, transportSettings=null, streamFactoryFactory=null, commandListeners=[io.micrometer.core.instrument.binder.mongodb.MongoMetricsCommandListener@35cc090a], codecRegistry=ProvidersCodecRegistry{codecProviders=[ValueCodecProvider{}, BsonValueCodecProvider{}, DBRefCodecProvider{}, DBObjectCodecProvider{}, DocumentCodecProvider{}, CollectionCodecProvider{}, IterableCodecProvider{}, MapCodecProvider{}, GeoJsonCodecProvider{}, GridFSFileCodecProvider{}, Jsr310CodecProvider{}, JsonObjectCodecProvider{}, BsonCodecProvider{}, EnumCodecProvider{}, com.mongodb.client.model.mql.ExpressionCodecProvider@409a2f1b, com.mongodb.Jep395RecordCodecProvider@77a672ed, com.mongodb.KotlinCodecProvider@3f25ef58]}, loggerSettings=LoggerSettings{maxDocumentLength=1000}, clusterSettings={hosts=[localhost:27017], srvServiceName=mongodb, mode=SINGLE, requiredClusterType=UNKNOWN, requiredReplicaSetName='null', serverSelector='null', clusterListeners='[]', serverSelectionTimeout='30000 ms', localThreshold='15 ms'}, socketSettings=SocketSettings{connectTimeoutMS=10000, readTimeoutMS=0, receiveBufferSize=0, proxySettings=ProxySettings{host=null, port=null, username=null, password=null}}, heartbeatSocketSettings=SocketSettings{connectTimeoutMS=10000, readTimeoutMS=10000, receiveBufferSize=0, proxySettings=ProxySettings{host=null, port=null, username=null, password=null}}, connectionPoolSettings=ConnectionPoolSettings{maxSize=100, minSize=0, maxWaitTimeMS=120000, maxConnectionLifeTimeMS=0, maxConnectionIdleTimeMS=0, maintenanceInitialDelayMS=0, maintenanceFrequencyMS=60000, connectionPoolListeners=[io.micrometer.core.instrument.binder.mongodb.MongoMetricsConnectionPoolListener@1b4649c2], maxConnecting=2}, serverSettings=ServerSettings{heartbeatFrequencyMS=10000, minHeartbeatFrequencyMS=500, serverListeners='[]', serverMonitorListeners='[]'}, sslSettings=SslSettings{enabled=false, invalidHostNameAllowed=false, context=null}, applicationName='null', compressorList=[], uuidRepresentation=JAVA_LEGACY, serverApi=null, autoEncryptionSettings=null, dnsClient=null, inetAddressResolver=null, contextProvider=null}
2025-05-03 16:14:31 [cluster-ClusterId{value='681608a7aceae6678b8d2ec6', description='null'}-localhost:27017] INFO  org.mongodb.driver.cluster - Monitor thread successfully connected to server with description ServerDescription{address=localhost:27017, type=STANDALONE, state=CONNECTED, ok=true, minWireVersion=0, maxWireVersion=25, maxDocumentSize=16777216, logicalSessionTimeoutMinutes=30, roundTripTimeNanos=2724042}
2025-05-03 16:14:31 [restartedMain] INFO  o.s.b.d.a.OptionalLiveReloadServer - LiveReload server is running on port 35729
2025-05-03 16:14:31 [restartedMain] WARN  o.s.b.a.s.s.UserDetailsServiceAutoConfiguration - 

Using generated security password: 335869e3-24b9-4c69-a063-ab1df269dfc3

This generated password is for development use only. Your security configuration must be updated before running your application in production.

2025-05-03 16:14:31 [restartedMain] INFO  o.s.b.a.e.web.EndpointLinksResolver - Exposing 3 endpoint(s) beneath base path '/actuator'
2025-05-03 16:14:31 [restartedMain] INFO  o.s.s.web.DefaultSecurityFilterChain - Will secure any request with [org.springframework.security.web.session.DisableEncodeUrlFilter@31733f44, org.springframework.security.web.context.request.async.WebAsyncManagerIntegrationFilter@23e56838, org.springframework.security.web.context.SecurityContextHolderFilter@7fc593f5, org.springframework.security.web.header.HeaderWriterFilter@39a6faca, org.springframework.web.filter.CorsFilter@194848cd, org.springframework.security.web.authentication.logout.LogoutFilter@75ecfd17, org.springframework.security.web.savedrequest.RequestCacheAwareFilter@7da82ece, org.springframework.security.web.servletapi.SecurityContextHolderAwareRequestFilter@289b4776, org.springframework.security.web.authentication.AnonymousAuthenticationFilter@43229603, org.springframework.security.web.access.ExceptionTranslationFilter@62a6f81d, org.springframework.security.web.access.intercept.AuthorizationFilter@3b5c3d8a]
2025-05-03 16:14:31 [restartedMain] INFO  o.s.b.w.e.tomcat.TomcatWebServer - Tomcat started on port 8080 (http) with context path '/api/v1'
2025-05-03 16:14:31 [restartedMain] INFO  c.s.portfolio.PortfolioApplication - Started PortfolioApplication in 0.361 seconds (process running for 8.273)
2025-05-03 16:14:31 [restartedMain] INFO  o.s.b.d.a.ConditionEvaluationDeltaLoggingListener - Condition evaluation unchanged
2025-05-03 16:15:14 [File Watcher] INFO  o.s.b.d.a.LocalDevToolsAutoConfiguration$RestartingClassPathChangeChangedEventListener - Restarting due to 1 class path change (0 additions, 0 deletions, 1 modification)
2025-05-03 16:15:15 [restartedMain] INFO  c.s.portfolio.PortfolioApplication - Starting PortfolioApplication using Java 21.0.6 with PID 6528 (/Users/muhammedshemeeladmin/cursor/shemeel-portfolio-web/backend/target/classes started by muhammedshemeeladmin in /Users/muhammedshemeeladmin/cursor/shemeel-portfolio-web/backend)
2025-05-03 16:15:15 [restartedMain] DEBUG c.s.portfolio.PortfolioApplication - Running with Spring Boot v3.2.4, Spring v6.1.5
2025-05-03 16:15:15 [restartedMain] INFO  c.s.portfolio.PortfolioApplication - No active profile set, falling back to 1 default profile: "default"
2025-05-03 16:15:15 [restartedMain] INFO  o.s.d.r.c.RepositoryConfigurationDelegate - Bootstrapping Spring Data MongoDB repositories in DEFAULT mode.
2025-05-03 16:15:15 [restartedMain] INFO  o.s.d.r.c.RepositoryConfigurationDelegate - Finished Spring Data repository scanning in 2 ms. Found 3 MongoDB repository interfaces.
2025-05-03 16:15:15 [restartedMain] INFO  o.s.b.w.e.tomcat.TomcatWebServer - Tomcat initialized with port 8080 (http)
2025-05-03 16:15:15 [restartedMain] INFO  o.a.catalina.core.StandardService - Starting service [Tomcat]
2025-05-03 16:15:15 [restartedMain] INFO  o.a.catalina.core.StandardEngine - Starting Servlet engine: [Apache Tomcat/10.1.19]
2025-05-03 16:15:15 [restartedMain] INFO  o.a.c.c.C.[.[localhost].[/api/v1] - Initializing Spring embedded WebApplicationContext
2025-05-03 16:15:15 [restartedMain] INFO  o.s.b.w.s.c.ServletWebServerApplicationContext - Root WebApplicationContext: initialization completed in 139 ms
2025-05-03 16:15:15 [restartedMain] INFO  org.mongodb.driver.client - MongoClient with metadata {"driver": {"name": "mongo-java-driver|sync|spring-boot", "version": "4.11.1"}, "os": {"type": "Darwin", "name": "Mac OS X", "architecture": "aarch64", "version": "15.4.1"}, "platform": "Java/Amazon.com Inc./21.0.6+7-LTS"} created with settings MongoClientSettings{readPreference=primary, writeConcern=WriteConcern{w=null, wTimeout=null ms, journal=null}, retryWrites=true, retryReads=true, readConcern=ReadConcern{level=null}, credential=null, transportSettings=null, streamFactoryFactory=null, commandListeners=[io.micrometer.core.instrument.binder.mongodb.MongoMetricsCommandListener@25c63108], codecRegistry=ProvidersCodecRegistry{codecProviders=[ValueCodecProvider{}, BsonValueCodecProvider{}, DBRefCodecProvider{}, DBObjectCodecProvider{}, DocumentCodecProvider{}, CollectionCodecProvider{}, IterableCodecProvider{}, MapCodecProvider{}, GeoJsonCodecProvider{}, GridFSFileCodecProvider{}, Jsr310CodecProvider{}, JsonObjectCodecProvider{}, BsonCodecProvider{}, EnumCodecProvider{}, com.mongodb.client.model.mql.ExpressionCodecProvider@409a2f1b, com.mongodb.Jep395RecordCodecProvider@77a672ed, com.mongodb.KotlinCodecProvider@3f25ef58]}, loggerSettings=LoggerSettings{maxDocumentLength=1000}, clusterSettings={hosts=[localhost:27017], srvServiceName=mongodb, mode=SINGLE, requiredClusterType=UNKNOWN, requiredReplicaSetName='null', serverSelector='null', clusterListeners='[]', serverSelectionTimeout='30000 ms', localThreshold='15 ms'}, socketSettings=SocketSettings{connectTimeoutMS=10000, readTimeoutMS=0, receiveBufferSize=0, proxySettings=ProxySettings{host=null, port=null, username=null, password=null}}, heartbeatSocketSettings=SocketSettings{connectTimeoutMS=10000, readTimeoutMS=10000, receiveBufferSize=0, proxySettings=ProxySettings{host=null, port=null, username=null, password=null}}, connectionPoolSettings=ConnectionPoolSettings{maxSize=100, minSize=0, maxWaitTimeMS=120000, maxConnectionLifeTimeMS=0, maxConnectionIdleTimeMS=0, maintenanceInitialDelayMS=0, maintenanceFrequencyMS=60000, connectionPoolListeners=[io.micrometer.core.instrument.binder.mongodb.MongoMetricsConnectionPoolListener@10b41161], maxConnecting=2}, serverSettings=ServerSettings{heartbeatFrequencyMS=10000, minHeartbeatFrequencyMS=500, serverListeners='[]', serverMonitorListeners='[]'}, sslSettings=SslSettings{enabled=false, invalidHostNameAllowed=false, context=null}, applicationName='null', compressorList=[], uuidRepresentation=JAVA_LEGACY, serverApi=null, autoEncryptionSettings=null, dnsClient=null, inetAddressResolver=null, contextProvider=null}
2025-05-03 16:15:15 [cluster-ClusterId{value='681608d3aceae6678b8d2ec7', description='null'}-localhost:27017] INFO  org.mongodb.driver.cluster - Monitor thread successfully connected to server with description ServerDescription{address=localhost:27017, type=STANDALONE, state=CONNECTED, ok=true, minWireVersion=0, maxWireVersion=25, maxDocumentSize=16777216, logicalSessionTimeoutMinutes=30, roundTripTimeNanos=3026125}
2025-05-03 16:15:15 [restartedMain] INFO  o.s.b.d.a.OptionalLiveReloadServer - LiveReload server is running on port 35729
2025-05-03 16:15:15 [restartedMain] WARN  o.s.b.a.s.s.UserDetailsServiceAutoConfiguration - 

Using generated security password: f8501618-aa9c-4c2c-a705-8434e1dfbb28

This generated password is for development use only. Your security configuration must be updated before running your application in production.

2025-05-03 16:15:15 [restartedMain] INFO  o.s.b.a.e.web.EndpointLinksResolver - Exposing 3 endpoint(s) beneath base path '/actuator'
2025-05-03 16:15:15 [restartedMain] INFO  o.s.s.web.DefaultSecurityFilterChain - Will secure any request with [org.springframework.security.web.session.DisableEncodeUrlFilter@2ca31b16, org.springframework.security.web.context.request.async.WebAsyncManagerIntegrationFilter@70c46a96, org.springframework.security.web.context.SecurityContextHolderFilter@4c9dc77d, org.springframework.security.web.header.HeaderWriterFilter@50e7f299, org.springframework.web.filter.CorsFilter@412ac4ce, org.springframework.security.web.authentication.logout.LogoutFilter@5081975b, org.springframework.security.web.savedrequest.RequestCacheAwareFilter@7a51687c, org.springframework.security.web.servletapi.SecurityContextHolderAwareRequestFilter@1d195a49, org.springframework.security.web.authentication.AnonymousAuthenticationFilter@41827ea9, org.springframework.security.web.access.ExceptionTranslationFilter@4fc7a6d, org.springframework.security.web.access.intercept.AuthorizationFilter@767ecac8]
2025-05-03 16:15:15 [restartedMain] INFO  o.s.b.w.e.tomcat.TomcatWebServer - Tomcat started on port 8080 (http) with context path '/api/v1'
2025-05-03 16:15:15 [restartedMain] INFO  c.s.portfolio.PortfolioApplication - Started PortfolioApplication in 0.347 seconds (process running for 52.462)
2025-05-03 16:15:15 [restartedMain] INFO  o.s.b.d.a.ConditionEvaluationDeltaLoggingListener - Condition evaluation unchanged
2025-05-03 16:15:21 [File Watcher] INFO  o.s.b.d.a.LocalDevToolsAutoConfiguration$RestartingClassPathChangeChangedEventListener - Restarting due to 1 class path change (1 addition, 0 deletions, 0 modifications)
2025-05-03 16:15:22 [restartedMain] INFO  c.s.portfolio.PortfolioApplication - Starting PortfolioApplication using Java 21.0.6 with PID 6528 (/Users/muhammedshemeeladmin/cursor/shemeel-portfolio-web/backend/target/classes started by muhammedshemeeladmin in /Users/muhammedshemeeladmin/cursor/shemeel-portfolio-web/backend)
2025-05-03 16:15:22 [restartedMain] DEBUG c.s.portfolio.PortfolioApplication - Running with Spring Boot v3.2.4, Spring v6.1.5
2025-05-03 16:15:22 [restartedMain] INFO  c.s.portfolio.PortfolioApplication - No active profile set, falling back to 1 default profile: "default"
2025-05-03 16:15:22 [restartedMain] INFO  o.s.d.r.c.RepositoryConfigurationDelegate - Bootstrapping Spring Data MongoDB repositories in DEFAULT mode.
2025-05-03 16:15:22 [restartedMain] INFO  o.s.d.r.c.RepositoryConfigurationDelegate - Finished Spring Data repository scanning in 2 ms. Found 3 MongoDB repository interfaces.
2025-05-03 16:15:22 [restartedMain] INFO  o.s.b.w.e.tomcat.TomcatWebServer - Tomcat initialized with port 8080 (http)
2025-05-03 16:15:22 [restartedMain] INFO  o.a.catalina.core.StandardService - Starting service [Tomcat]
2025-05-03 16:15:22 [restartedMain] INFO  o.a.catalina.core.StandardEngine - Starting Servlet engine: [Apache Tomcat/10.1.19]
2025-05-03 16:15:22 [restartedMain] INFO  o.a.c.c.C.[.[localhost].[/api/v1] - Initializing Spring embedded WebApplicationContext
2025-05-03 16:15:22 [restartedMain] INFO  o.s.b.w.s.c.ServletWebServerApplicationContext - Root WebApplicationContext: initialization completed in 128 ms
2025-05-03 16:15:22 [restartedMain] INFO  org.mongodb.driver.client - MongoClient with metadata {"driver": {"name": "mongo-java-driver|sync|spring-boot", "version": "4.11.1"}, "os": {"type": "Darwin", "name": "Mac OS X", "architecture": "aarch64", "version": "15.4.1"}, "platform": "Java/Amazon.com Inc./21.0.6+7-LTS"} created with settings MongoClientSettings{readPreference=primary, writeConcern=WriteConcern{w=null, wTimeout=null ms, journal=null}, retryWrites=true, retryReads=true, readConcern=ReadConcern{level=null}, credential=null, transportSettings=null, streamFactoryFactory=null, commandListeners=[io.micrometer.core.instrument.binder.mongodb.MongoMetricsCommandListener@dffa5fa], codecRegistry=ProvidersCodecRegistry{codecProviders=[ValueCodecProvider{}, BsonValueCodecProvider{}, DBRefCodecProvider{}, DBObjectCodecProvider{}, DocumentCodecProvider{}, CollectionCodecProvider{}, IterableCodecProvider{}, MapCodecProvider{}, GeoJsonCodecProvider{}, GridFSFileCodecProvider{}, Jsr310CodecProvider{}, JsonObjectCodecProvider{}, BsonCodecProvider{}, EnumCodecProvider{}, com.mongodb.client.model.mql.ExpressionCodecProvider@409a2f1b, com.mongodb.Jep395RecordCodecProvider@77a672ed, com.mongodb.KotlinCodecProvider@3f25ef58]}, loggerSettings=LoggerSettings{maxDocumentLength=1000}, clusterSettings={hosts=[localhost:27017], srvServiceName=mongodb, mode=SINGLE, requiredClusterType=UNKNOWN, requiredReplicaSetName='null', serverSelector='null', clusterListeners='[]', serverSelectionTimeout='30000 ms', localThreshold='15 ms'}, socketSettings=SocketSettings{connectTimeoutMS=10000, readTimeoutMS=0, receiveBufferSize=0, proxySettings=ProxySettings{host=null, port=null, username=null, password=null}}, heartbeatSocketSettings=SocketSettings{connectTimeoutMS=10000, readTimeoutMS=10000, receiveBufferSize=0, proxySettings=ProxySettings{host=null, port=null, username=null, password=null}}, connectionPoolSettings=ConnectionPoolSettings{maxSize=100, minSize=0, maxWaitTimeMS=120000, maxConnectionLifeTimeMS=0, maxConnectionIdleTimeMS=0, maintenanceInitialDelayMS=0, maintenanceFrequencyMS=60000, connectionPoolListeners=[io.micrometer.core.instrument.binder.mongodb.MongoMetricsConnectionPoolListener@d9e59f8], maxConnecting=2}, serverSettings=ServerSettings{heartbeatFrequencyMS=10000, minHeartbeatFrequencyMS=500, serverListeners='[]', serverMonitorListeners='[]'}, sslSettings=SslSettings{enabled=false, invalidHostNameAllowed=false, context=null}, applicationName='null', compressorList=[], uuidRepresentation=JAVA_LEGACY, serverApi=null, autoEncryptionSettings=null, dnsClient=null, inetAddressResolver=null, contextProvider=null}
2025-05-03 16:15:22 [cluster-ClusterId{value='681608daaceae6678b8d2ec8', description='null'}-localhost:27017] INFO  org.mongodb.driver.cluster - Monitor thread successfully connected to server with description ServerDescription{address=localhost:27017, type=STANDALONE, state=CONNECTED, ok=true, minWireVersion=0, maxWireVersion=25, maxDocumentSize=16777216, logicalSessionTimeoutMinutes=30, roundTripTimeNanos=2507750}
2025-05-03 16:15:22 [restartedMain] INFO  o.s.b.d.a.OptionalLiveReloadServer - LiveReload server is running on port 35729
2025-05-03 16:15:22 [restartedMain] WARN  o.s.b.a.s.s.UserDetailsServiceAutoConfiguration - 

Using generated security password: 19d15529-ef55-4b80-9ff7-7ad7ae120913

This generated password is for development use only. Your security configuration must be updated before running your application in production.

2025-05-03 16:15:22 [restartedMain] INFO  o.s.b.a.e.web.EndpointLinksResolver - Exposing 3 endpoint(s) beneath base path '/actuator'
2025-05-03 16:15:22 [restartedMain] INFO  o.s.s.web.DefaultSecurityFilterChain - Will secure any request with [org.springframework.security.web.session.DisableEncodeUrlFilter@5de74d51, org.springframework.security.web.context.request.async.WebAsyncManagerIntegrationFilter@33b31f75, org.springframework.security.web.context.SecurityContextHolderFilter@cd2d983, org.springframework.security.web.header.HeaderWriterFilter@478100cd, org.springframework.web.filter.CorsFilter@270b2d1f, org.springframework.security.web.authentication.logout.LogoutFilter@67613b7b, org.springframework.security.web.savedrequest.RequestCacheAwareFilter@665a8c37, org.springframework.security.web.servletapi.SecurityContextHolderAwareRequestFilter@32ad0265, org.springframework.security.web.authentication.AnonymousAuthenticationFilter@4dde801e, org.springframework.security.web.access.ExceptionTranslationFilter@72a6138, org.springframework.security.web.access.intercept.AuthorizationFilter@f8cb666]
2025-05-03 16:15:22 [restartedMain] INFO  o.s.b.w.e.tomcat.TomcatWebServer - Tomcat started on port 8080 (http) with context path '/api/v1'
2025-05-03 16:15:22 [restartedMain] INFO  c.s.portfolio.PortfolioApplication - Started PortfolioApplication in 0.358 seconds (process running for 59.328)
2025-05-03 16:15:22 [restartedMain] INFO  o.s.b.d.a.ConditionEvaluationDeltaLoggingListener - Condition evaluation unchanged
2025-05-03 16:15:29 [File Watcher] INFO  o.s.b.d.a.LocalDevToolsAutoConfiguration$RestartingClassPathChangeChangedEventListener - Restarting due to 1 class path change (0 additions, 0 deletions, 1 modification)
2025-05-03 16:15:30 [restartedMain] INFO  c.s.portfolio.PortfolioApplication - Starting PortfolioApplication using Java 21.0.6 with PID 6528 (/Users/muhammedshemeeladmin/cursor/shemeel-portfolio-web/backend/target/classes started by muhammedshemeeladmin in /Users/muhammedshemeeladmin/cursor/shemeel-portfolio-web/backend)
2025-05-03 16:15:30 [restartedMain] DEBUG c.s.portfolio.PortfolioApplication - Running with Spring Boot v3.2.4, Spring v6.1.5
2025-05-03 16:15:30 [restartedMain] INFO  c.s.portfolio.PortfolioApplication - No active profile set, falling back to 1 default profile: "default"
2025-05-03 16:15:30 [restartedMain] INFO  o.s.d.r.c.RepositoryConfigurationDelegate - Bootstrapping Spring Data MongoDB repositories in DEFAULT mode.
2025-05-03 16:15:30 [restartedMain] INFO  o.s.d.r.c.RepositoryConfigurationDelegate - Finished Spring Data repository scanning in 2 ms. Found 3 MongoDB repository interfaces.
2025-05-03 16:15:30 [restartedMain] INFO  o.s.b.w.e.tomcat.TomcatWebServer - Tomcat initialized with port 8080 (http)
2025-05-03 16:15:30 [restartedMain] INFO  o.a.catalina.core.StandardService - Starting service [Tomcat]
2025-05-03 16:15:30 [restartedMain] INFO  o.a.catalina.core.StandardEngine - Starting Servlet engine: [Apache Tomcat/10.1.19]
2025-05-03 16:15:30 [restartedMain] INFO  o.a.c.c.C.[.[localhost].[/api/v1] - Initializing Spring embedded WebApplicationContext
2025-05-03 16:15:30 [restartedMain] INFO  o.s.b.w.s.c.ServletWebServerApplicationContext - Root WebApplicationContext: initialization completed in 121 ms
2025-05-03 16:15:30 [restartedMain] INFO  org.mongodb.driver.client - MongoClient with metadata {"driver": {"name": "mongo-java-driver|sync|spring-boot", "version": "4.11.1"}, "os": {"type": "Darwin", "name": "Mac OS X", "architecture": "aarch64", "version": "15.4.1"}, "platform": "Java/Amazon.com Inc./21.0.6+7-LTS"} created with settings MongoClientSettings{readPreference=primary, writeConcern=WriteConcern{w=null, wTimeout=null ms, journal=null}, retryWrites=true, retryReads=true, readConcern=ReadConcern{level=null}, credential=null, transportSettings=null, streamFactoryFactory=null, commandListeners=[io.micrometer.core.instrument.binder.mongodb.MongoMetricsCommandListener@1b66f3cd], codecRegistry=ProvidersCodecRegistry{codecProviders=[ValueCodecProvider{}, BsonValueCodecProvider{}, DBRefCodecProvider{}, DBObjectCodecProvider{}, DocumentCodecProvider{}, CollectionCodecProvider{}, IterableCodecProvider{}, MapCodecProvider{}, GeoJsonCodecProvider{}, GridFSFileCodecProvider{}, Jsr310CodecProvider{}, JsonObjectCodecProvider{}, BsonCodecProvider{}, EnumCodecProvider{}, com.mongodb.client.model.mql.ExpressionCodecProvider@409a2f1b, com.mongodb.Jep395RecordCodecProvider@77a672ed, com.mongodb.KotlinCodecProvider@3f25ef58]}, loggerSettings=LoggerSettings{maxDocumentLength=1000}, clusterSettings={hosts=[localhost:27017], srvServiceName=mongodb, mode=SINGLE, requiredClusterType=UNKNOWN, requiredReplicaSetName='null', serverSelector='null', clusterListeners='[]', serverSelectionTimeout='30000 ms', localThreshold='15 ms'}, socketSettings=SocketSettings{connectTimeoutMS=10000, readTimeoutMS=0, receiveBufferSize=0, proxySettings=ProxySettings{host=null, port=null, username=null, password=null}}, heartbeatSocketSettings=SocketSettings{connectTimeoutMS=10000, readTimeoutMS=10000, receiveBufferSize=0, proxySettings=ProxySettings{host=null, port=null, username=null, password=null}}, connectionPoolSettings=ConnectionPoolSettings{maxSize=100, minSize=0, maxWaitTimeMS=120000, maxConnectionLifeTimeMS=0, maxConnectionIdleTimeMS=0, maintenanceInitialDelayMS=0, maintenanceFrequencyMS=60000, connectionPoolListeners=[io.micrometer.core.instrument.binder.mongodb.MongoMetricsConnectionPoolListener@66ab28fe], maxConnecting=2}, serverSettings=ServerSettings{heartbeatFrequencyMS=10000, minHeartbeatFrequencyMS=500, serverListeners='[]', serverMonitorListeners='[]'}, sslSettings=SslSettings{enabled=false, invalidHostNameAllowed=false, context=null}, applicationName='null', compressorList=[], uuidRepresentation=JAVA_LEGACY, serverApi=null, autoEncryptionSettings=null, dnsClient=null, inetAddressResolver=null, contextProvider=null}
2025-05-03 16:15:30 [cluster-ClusterId{value='681608e2aceae6678b8d2ec9', description='null'}-localhost:27017] INFO  org.mongodb.driver.cluster - Monitor thread successfully connected to server with description ServerDescription{address=localhost:27017, type=STANDALONE, state=CONNECTED, ok=true, minWireVersion=0, maxWireVersion=25, maxDocumentSize=16777216, logicalSessionTimeoutMinutes=30, roundTripTimeNanos=2968625}
2025-05-03 16:15:30 [restartedMain] INFO  o.s.b.d.a.OptionalLiveReloadServer - LiveReload server is running on port 35729
2025-05-03 16:15:30 [restartedMain] INFO  o.s.b.a.e.web.EndpointLinksResolver - Exposing 3 endpoint(s) beneath base path '/actuator'
2025-05-03 16:15:30 [restartedMain] WARN  o.s.b.a.s.s.UserDetailsServiceAutoConfiguration - 

Using generated security password: 75476c9c-cce5-4bba-afb9-daae4fcee022

This generated password is for development use only. Your security configuration must be updated before running your application in production.

2025-05-03 16:15:30 [restartedMain] INFO  o.s.s.web.DefaultSecurityFilterChain - Will secure any request with [org.springframework.security.web.session.DisableEncodeUrlFilter@563e50dd, org.springframework.security.web.context.request.async.WebAsyncManagerIntegrationFilter@705f57e9, org.springframework.security.web.context.SecurityContextHolderFilter@87bd5f3, org.springframework.security.web.header.HeaderWriterFilter@289134f4, org.springframework.web.filter.CorsFilter@244f45db, org.springframework.security.web.authentication.logout.LogoutFilter@12569229, org.springframework.security.web.savedrequest.RequestCacheAwareFilter@7765f50f, org.springframework.security.web.servletapi.SecurityContextHolderAwareRequestFilter@6543bdc5, org.springframework.security.web.authentication.AnonymousAuthenticationFilter@2153f192, org.springframework.security.web.access.ExceptionTranslationFilter@20264244, org.springframework.security.web.access.intercept.AuthorizationFilter@3216f1f9]
2025-05-03 16:15:30 [restartedMain] INFO  o.s.b.w.e.tomcat.TomcatWebServer - Tomcat started on port 8080 (http) with context path '/api/v1'
2025-05-03 16:15:30 [restartedMain] INFO  c.s.portfolio.PortfolioApplication - Started PortfolioApplication in 0.341 seconds (process running for 67.195)
2025-05-03 16:15:30 [restartedMain] INFO  o.s.b.d.a.ConditionEvaluationDeltaLoggingListener - Condition evaluation delta:


==========================
CONDITION EVALUATION DELTA
==========================


Positive matches:
-----------------

   SpringDocConfiguration.SpringDocActuatorConfiguration matched:
      - @ConditionalOnClass found required class 'org.springframework.boot.actuate.autoconfigure.endpoint.web.WebEndpointProperties' (OnClassCondition)
      - @ConditionalOnProperty (springdoc.show-actuator) matched (OnPropertyCondition)

   SpringDocConfiguration.SpringDocActuatorConfiguration#actuatorCustomizer matched:
      - Management Port actual port type (SAME) matched required type (OnManagementPortCondition)

   SpringDocConfiguration.SpringDocActuatorConfiguration#actuatorOpenApiCustomizer matched:
      - Management Port actual port type (SAME) matched required type (OnManagementPortCondition)

   SpringDocWebMvcConfiguration.SpringDocWebMvcActuatorConfiguration#actuatorProvider matched:
      - @ConditionalOnExpression (#{${springdoc.show-actuator:false} or ${springdoc.use-management-port:false}}) resulted in true (OnExpressionCondition)
      - @ConditionalOnMissingBean (types: org.springdoc.core.providers.ActuatorProvider; SearchStrategy: all) did not find any beans (OnBeanCondition)


Negative matches:
-----------------

   SpringDocConfiguration.SpringDocActuatorConfiguration#springdocBeanFactoryPostProcessor3:
      Did not match:
         - AnyNestedCondition 0 matched 2 did not; NestedCondition on MultipleOpenApiSupportCondition.OnActuatorDifferentPort found non-matching nested conditions Management Port actual port type (SAME) did not match required type (DIFFERENT); NestedCondition on MultipleOpenApiSupportCondition.OnMultipleOpenApiSupportCondition AnyNestedCondition 0 matched 2 did not; NestedCondition on MultipleOpenApiGroupsCondition.OnGroupConfigProperty @ConditionalOnProperty (springdoc.group-configs[0].group) did not find property 'springdoc.group-configs[0].group'; NestedCondition on MultipleOpenApiGroupsCondition.OnGroupedOpenApiBean @ConditionalOnBean (types: org.springdoc.core.models.GroupedOpenApi; SearchStrategy: all) did not find any beans of type org.springdoc.core.models.GroupedOpenApi (MultipleOpenApiSupportCondition)


Exclusions:
-----------

    None


Unconditional classes:
----------------------

    None



2025-05-03 16:15:40 [File Watcher] INFO  o.s.b.d.a.LocalDevToolsAutoConfiguration$RestartingClassPathChangeChangedEventListener - Restarting due to 22 class path changes (0 additions, 0 deletions, 22 modifications)
2025-05-03 16:15:41 [restartedMain] INFO  c.s.portfolio.PortfolioApplication - Starting PortfolioApplication using Java 21.0.6 with PID 6528 (/Users/muhammedshemeeladmin/cursor/shemeel-portfolio-web/backend/target/classes started by muhammedshemeeladmin in /Users/muhammedshemeeladmin/cursor/shemeel-portfolio-web/backend)
2025-05-03 16:15:41 [restartedMain] DEBUG c.s.portfolio.PortfolioApplication - Running with Spring Boot v3.2.4, Spring v6.1.5
2025-05-03 16:15:41 [restartedMain] INFO  c.s.portfolio.PortfolioApplication - No active profile set, falling back to 1 default profile: "default"
2025-05-03 16:15:42 [restartedMain] INFO  o.s.d.r.c.RepositoryConfigurationDelegate - Bootstrapping Spring Data MongoDB repositories in DEFAULT mode.
2025-05-03 16:15:42 [restartedMain] INFO  o.s.d.r.c.RepositoryConfigurationDelegate - Finished Spring Data repository scanning in 3 ms. Found 3 MongoDB repository interfaces.
2025-05-03 16:15:42 [restartedMain] INFO  o.s.b.w.e.tomcat.TomcatWebServer - Tomcat initialized with port 8080 (http)
2025-05-03 16:15:42 [restartedMain] INFO  o.a.catalina.core.StandardService - Starting service [Tomcat]
2025-05-03 16:15:42 [restartedMain] INFO  o.a.catalina.core.StandardEngine - Starting Servlet engine: [Apache Tomcat/10.1.19]
2025-05-03 16:15:42 [restartedMain] INFO  o.a.c.c.C.[.[localhost].[/api/v1] - Initializing Spring embedded WebApplicationContext
2025-05-03 16:15:42 [restartedMain] INFO  o.s.b.w.s.c.ServletWebServerApplicationContext - Root WebApplicationContext: initialization completed in 154 ms
2025-05-03 16:15:42 [restartedMain] INFO  org.mongodb.driver.client - MongoClient with metadata {"driver": {"name": "mongo-java-driver|sync|spring-boot", "version": "4.11.1"}, "os": {"type": "Darwin", "name": "Mac OS X", "architecture": "aarch64", "version": "15.4.1"}, "platform": "Java/Amazon.com Inc./21.0.6+7-LTS"} created with settings MongoClientSettings{readPreference=primary, writeConcern=WriteConcern{w=null, wTimeout=null ms, journal=null}, retryWrites=true, retryReads=true, readConcern=ReadConcern{level=null}, credential=null, transportSettings=null, streamFactoryFactory=null, commandListeners=[io.micrometer.core.instrument.binder.mongodb.MongoMetricsCommandListener@669efbd3], codecRegistry=ProvidersCodecRegistry{codecProviders=[ValueCodecProvider{}, BsonValueCodecProvider{}, DBRefCodecProvider{}, DBObjectCodecProvider{}, DocumentCodecProvider{}, CollectionCodecProvider{}, IterableCodecProvider{}, MapCodecProvider{}, GeoJsonCodecProvider{}, GridFSFileCodecProvider{}, Jsr310CodecProvider{}, JsonObjectCodecProvider{}, BsonCodecProvider{}, EnumCodecProvider{}, com.mongodb.client.model.mql.ExpressionCodecProvider@409a2f1b, com.mongodb.Jep395RecordCodecProvider@77a672ed, com.mongodb.KotlinCodecProvider@3f25ef58]}, loggerSettings=LoggerSettings{maxDocumentLength=1000}, clusterSettings={hosts=[localhost:27017], srvServiceName=mongodb, mode=SINGLE, requiredClusterType=UNKNOWN, requiredReplicaSetName='null', serverSelector='null', clusterListeners='[]', serverSelectionTimeout='30000 ms', localThreshold='15 ms'}, socketSettings=SocketSettings{connectTimeoutMS=10000, readTimeoutMS=0, receiveBufferSize=0, proxySettings=ProxySettings{host=null, port=null, username=null, password=null}}, heartbeatSocketSettings=SocketSettings{connectTimeoutMS=10000, readTimeoutMS=10000, receiveBufferSize=0, proxySettings=ProxySettings{host=null, port=null, username=null, password=null}}, connectionPoolSettings=ConnectionPoolSettings{maxSize=100, minSize=0, maxWaitTimeMS=120000, maxConnectionLifeTimeMS=0, maxConnectionIdleTimeMS=0, maintenanceInitialDelayMS=0, maintenanceFrequencyMS=60000, connectionPoolListeners=[io.micrometer.core.instrument.binder.mongodb.MongoMetricsConnectionPoolListener@688bf154], maxConnecting=2}, serverSettings=ServerSettings{heartbeatFrequencyMS=10000, minHeartbeatFrequencyMS=500, serverListeners='[]', serverMonitorListeners='[]'}, sslSettings=SslSettings{enabled=false, invalidHostNameAllowed=false, context=null}, applicationName='null', compressorList=[], uuidRepresentation=JAVA_LEGACY, serverApi=null, autoEncryptionSettings=null, dnsClient=null, inetAddressResolver=null, contextProvider=null}
2025-05-03 16:15:42 [cluster-ClusterId{value='681608eeaceae6678b8d2eca', description='null'}-localhost:27017] INFO  org.mongodb.driver.cluster - Monitor thread successfully connected to server with description ServerDescription{address=localhost:27017, type=STANDALONE, state=CONNECTED, ok=true, minWireVersion=0, maxWireVersion=25, maxDocumentSize=16777216, logicalSessionTimeoutMinutes=30, roundTripTimeNanos=1714625}
2025-05-03 16:15:42 [restartedMain] INFO  o.s.b.d.a.OptionalLiveReloadServer - LiveReload server is running on port 35729
2025-05-03 16:15:42 [restartedMain] INFO  o.s.b.a.e.web.EndpointLinksResolver - Exposing 3 endpoint(s) beneath base path '/actuator'
2025-05-03 16:15:42 [restartedMain] WARN  o.s.b.a.s.s.UserDetailsServiceAutoConfiguration - 

Using generated security password: 3b54740f-55c5-4cd5-a795-b7406cb4d609

This generated password is for development use only. Your security configuration must be updated before running your application in production.

2025-05-03 16:15:42 [restartedMain] INFO  o.s.s.web.DefaultSecurityFilterChain - Will secure any request with [org.springframework.security.web.session.DisableEncodeUrlFilter@21b0eb6b, org.springframework.security.web.context.request.async.WebAsyncManagerIntegrationFilter@1b83bf7e, org.springframework.security.web.context.SecurityContextHolderFilter@7e403101, org.springframework.security.web.header.HeaderWriterFilter@1eef63bf, org.springframework.web.filter.CorsFilter@450e0d15, org.springframework.security.web.authentication.logout.LogoutFilter@2e42897a, org.springframework.security.web.savedrequest.RequestCacheAwareFilter@369ce17a, org.springframework.security.web.servletapi.SecurityContextHolderAwareRequestFilter@34e21dd4, org.springframework.security.web.authentication.AnonymousAuthenticationFilter@7abe9ec0, org.springframework.security.web.access.ExceptionTranslationFilter@7c0fde7b, org.springframework.security.web.access.intercept.AuthorizationFilter@5bac8470]
2025-05-03 16:15:42 [restartedMain] INFO  o.s.b.w.e.tomcat.TomcatWebServer - Tomcat started on port 8080 (http) with context path '/api/v1'
2025-05-03 16:15:42 [restartedMain] INFO  c.s.portfolio.PortfolioApplication - Started PortfolioApplication in 0.389 seconds (process running for 79.129)
2025-05-03 16:15:42 [restartedMain] INFO  o.s.b.d.a.ConditionEvaluationDeltaLoggingListener - Condition evaluation unchanged
2025-05-03 16:15:44 [File Watcher] INFO  o.s.b.d.a.LocalDevToolsAutoConfiguration$RestartingClassPathChangeChangedEventListener - Restarting due to 20 class path changes (0 additions, 20 deletions, 0 modifications)
2025-05-03 16:15:44 [main] INFO  c.s.portfolio.PortfolioApplication - Starting PortfolioApplication using Java 21.0.6 with PID 6946 (/Users/muhammedshemeeladmin/cursor/shemeel-portfolio-web/backend/target/classes started by muhammedshemeeladmin in /Users/muhammedshemeeladmin/cursor/shemeel-portfolio-web/backend)
2025-05-03 16:15:44 [main] DEBUG c.s.portfolio.PortfolioApplication - Running with Spring Boot v3.2.4, Spring v6.1.5
2025-05-03 16:15:44 [main] INFO  c.s.portfolio.PortfolioApplication - No active profile set, falling back to 1 default profile: "default"
2025-05-03 16:15:45 [main] INFO  o.s.d.r.c.RepositoryConfigurationDelegate - Bootstrapping Spring Data MongoDB repositories in DEFAULT mode.
2025-05-03 16:15:45 [main] INFO  o.s.d.r.c.RepositoryConfigurationDelegate - Finished Spring Data repository scanning in 17 ms. Found 3 MongoDB repository interfaces.
2025-05-03 16:15:45 [main] INFO  o.s.b.w.e.tomcat.TomcatWebServer - Tomcat initialized with port 8080 (http)
2025-05-03 16:15:45 [main] INFO  o.a.catalina.core.StandardService - Starting service [Tomcat]
2025-05-03 16:15:45 [main] INFO  o.a.catalina.core.StandardEngine - Starting Servlet engine: [Apache Tomcat/10.1.19]
2025-05-03 16:15:45 [main] INFO  o.a.c.c.C.[.[localhost].[/api/v1] - Initializing Spring embedded WebApplicationContext
2025-05-03 16:15:45 [main] INFO  o.s.b.w.s.c.ServletWebServerApplicationContext - Root WebApplicationContext: initialization completed in 402 ms
2025-05-03 16:15:45 [main] INFO  org.mongodb.driver.client - MongoClient with metadata {"driver": {"name": "mongo-java-driver|sync|spring-boot", "version": "4.11.1"}, "os": {"type": "Darwin", "name": "Mac OS X", "architecture": "aarch64", "version": "15.4.1"}, "platform": "Java/Amazon.com Inc./21.0.6+7-LTS"} created with settings MongoClientSettings{readPreference=primary, writeConcern=WriteConcern{w=null, wTimeout=null ms, journal=null}, retryWrites=true, retryReads=true, readConcern=ReadConcern{level=null}, credential=null, transportSettings=null, streamFactoryFactory=null, commandListeners=[], codecRegistry=ProvidersCodecRegistry{codecProviders=[ValueCodecProvider{}, BsonValueCodecProvider{}, DBRefCodecProvider{}, DBObjectCodecProvider{}, DocumentCodecProvider{}, CollectionCodecProvider{}, IterableCodecProvider{}, MapCodecProvider{}, GeoJsonCodecProvider{}, GridFSFileCodecProvider{}, Jsr310CodecProvider{}, JsonObjectCodecProvider{}, BsonCodecProvider{}, EnumCodecProvider{}, com.mongodb.client.model.mql.ExpressionCodecProvider@7741d346, com.mongodb.Jep395RecordCodecProvider@52454457, com.mongodb.KotlinCodecProvider@4130a648]}, loggerSettings=LoggerSettings{maxDocumentLength=1000}, clusterSettings={hosts=[localhost:27017], srvServiceName=mongodb, mode=SINGLE, requiredClusterType=UNKNOWN, requiredReplicaSetName='null', serverSelector='null', clusterListeners='[]', serverSelectionTimeout='30000 ms', localThreshold='15 ms'}, socketSettings=SocketSettings{connectTimeoutMS=10000, readTimeoutMS=0, receiveBufferSize=0, proxySettings=ProxySettings{host=null, port=null, username=null, password=null}}, heartbeatSocketSettings=SocketSettings{connectTimeoutMS=10000, readTimeoutMS=10000, receiveBufferSize=0, proxySettings=ProxySettings{host=null, port=null, username=null, password=null}}, connectionPoolSettings=ConnectionPoolSettings{maxSize=100, minSize=0, maxWaitTimeMS=120000, maxConnectionLifeTimeMS=0, maxConnectionIdleTimeMS=0, maintenanceInitialDelayMS=0, maintenanceFrequencyMS=60000, connectionPoolListeners=[], maxConnecting=2}, serverSettings=ServerSettings{heartbeatFrequencyMS=10000, minHeartbeatFrequencyMS=500, serverListeners='[]', serverMonitorListeners='[]'}, sslSettings=SslSettings{enabled=false, invalidHostNameAllowed=false, context=null}, applicationName='null', compressorList=[], uuidRepresentation=JAVA_LEGACY, serverApi=null, autoEncryptionSettings=null, dnsClient=null, inetAddressResolver=null, contextProvider=null}
2025-05-03 16:15:45 [cluster-ClusterId{value='681608f154e72667a3de3f1f', description='null'}-localhost:27017] INFO  org.mongodb.driver.cluster - Monitor thread successfully connected to server with description ServerDescription{address=localhost:27017, type=STANDALONE, state=CONNECTED, ok=true, minWireVersion=0, maxWireVersion=25, maxDocumentSize=16777216, logicalSessionTimeoutMinutes=30, roundTripTimeNanos=8771625}
2025-05-03 16:15:45 [main] WARN  o.s.b.a.s.s.UserDetailsServiceAutoConfiguration - 

Using generated security password: e33612a0-e0da-43ff-aaf9-580460c71842

This generated password is for development use only. Your security configuration must be updated before running your application in production.

2025-05-03 16:15:45 [main] INFO  o.s.s.web.DefaultSecurityFilterChain - Will secure any request with [org.springframework.security.web.session.DisableEncodeUrlFilter@4d25f816, org.springframework.security.web.context.request.async.WebAsyncManagerIntegrationFilter@6c6c2a73, org.springframework.security.web.context.SecurityContextHolderFilter@68d6f48e, org.springframework.security.web.header.HeaderWriterFilter@72eed547, org.springframework.web.filter.CorsFilter@6a4af081, org.springframework.security.web.authentication.logout.LogoutFilter@25d911a, org.springframework.security.web.savedrequest.RequestCacheAwareFilter@7babed9e, org.springframework.security.web.servletapi.SecurityContextHolderAwareRequestFilter@2353354a, org.springframework.security.web.authentication.AnonymousAuthenticationFilter@36b53f08, org.springframework.security.web.access.ExceptionTranslationFilter@4af12a63, org.springframework.security.web.access.intercept.AuthorizationFilter@38732372]
2025-05-03 16:15:45 [main] WARN  o.s.b.w.s.c.AnnotationConfigServletWebServerApplicationContext - Exception encountered during context initialization - cancelling refresh attempt: org.springframework.context.ApplicationContextException: Failed to start bean 'webServerStartStop'
2025-05-03 16:15:45 [main] INFO  o.s.b.a.l.ConditionEvaluationReportLogger - 

Error starting ApplicationContext. To display the condition evaluation report re-run your application with 'debug' enabled.
2025-05-03 16:15:45 [main] ERROR o.s.b.d.LoggingFailureAnalysisReporter - 

***************************
APPLICATION FAILED TO START
***************************

Description:

Web server failed to start. Port 8080 was already in use.

Action:

Identify and stop the process that's listening on port 8080 or configure this application to listen on another port.

2025-05-03 16:15:45 [restartedMain] INFO  c.s.portfolio.PortfolioApplication - Starting PortfolioApplication using Java 21.0.6 with PID 6528 (/Users/muhammedshemeeladmin/cursor/shemeel-portfolio-web/backend/target/classes started by muhammedshemeeladmin in /Users/muhammedshemeeladmin/cursor/shemeel-portfolio-web/backend)
2025-05-03 16:15:45 [restartedMain] DEBUG c.s.portfolio.PortfolioApplication - Running with Spring Boot v3.2.4, Spring v6.1.5
2025-05-03 16:15:45 [restartedMain] INFO  c.s.portfolio.PortfolioApplication - No active profile set, falling back to 1 default profile: "default"
2025-05-03 16:15:45 [restartedMain] INFO  o.s.d.r.c.RepositoryConfigurationDelegate - Bootstrapping Spring Data MongoDB repositories in DEFAULT mode.
2025-05-03 16:15:45 [restartedMain] INFO  o.s.d.r.c.RepositoryConfigurationDelegate - Finished Spring Data repository scanning in 2 ms. Found 3 MongoDB repository interfaces.
2025-05-03 16:15:45 [restartedMain] INFO  o.s.b.w.e.tomcat.TomcatWebServer - Tomcat initialized with port 8080 (http)
2025-05-03 16:15:45 [restartedMain] INFO  o.a.catalina.core.StandardService - Starting service [Tomcat]
2025-05-03 16:15:45 [restartedMain] INFO  o.a.catalina.core.StandardEngine - Starting Servlet engine: [Apache Tomcat/10.1.19]
2025-05-03 16:15:45 [restartedMain] INFO  o.a.c.c.C.[.[localhost].[/api/v1] - Initializing Spring embedded WebApplicationContext
2025-05-03 16:15:45 [restartedMain] INFO  o.s.b.w.s.c.ServletWebServerApplicationContext - Root WebApplicationContext: initialization completed in 123 ms
2025-05-03 16:15:46 [restartedMain] INFO  org.mongodb.driver.client - MongoClient with metadata {"driver": {"name": "mongo-java-driver|sync|spring-boot", "version": "4.11.1"}, "os": {"type": "Darwin", "name": "Mac OS X", "architecture": "aarch64", "version": "15.4.1"}, "platform": "Java/Amazon.com Inc./21.0.6+7-LTS"} created with settings MongoClientSettings{readPreference=primary, writeConcern=WriteConcern{w=null, wTimeout=null ms, journal=null}, retryWrites=true, retryReads=true, readConcern=ReadConcern{level=null}, credential=null, transportSettings=null, streamFactoryFactory=null, commandListeners=[io.micrometer.core.instrument.binder.mongodb.MongoMetricsCommandListener@41875184], codecRegistry=ProvidersCodecRegistry{codecProviders=[ValueCodecProvider{}, BsonValueCodecProvider{}, DBRefCodecProvider{}, DBObjectCodecProvider{}, DocumentCodecProvider{}, CollectionCodecProvider{}, IterableCodecProvider{}, MapCodecProvider{}, GeoJsonCodecProvider{}, GridFSFileCodecProvider{}, Jsr310CodecProvider{}, JsonObjectCodecProvider{}, BsonCodecProvider{}, EnumCodecProvider{}, com.mongodb.client.model.mql.ExpressionCodecProvider@409a2f1b, com.mongodb.Jep395RecordCodecProvider@77a672ed, com.mongodb.KotlinCodecProvider@3f25ef58]}, loggerSettings=LoggerSettings{maxDocumentLength=1000}, clusterSettings={hosts=[localhost:27017], srvServiceName=mongodb, mode=SINGLE, requiredClusterType=UNKNOWN, requiredReplicaSetName='null', serverSelector='null', clusterListeners='[]', serverSelectionTimeout='30000 ms', localThreshold='15 ms'}, socketSettings=SocketSettings{connectTimeoutMS=10000, readTimeoutMS=0, receiveBufferSize=0, proxySettings=ProxySettings{host=null, port=null, username=null, password=null}}, heartbeatSocketSettings=SocketSettings{connectTimeoutMS=10000, readTimeoutMS=10000, receiveBufferSize=0, proxySettings=ProxySettings{host=null, port=null, username=null, password=null}}, connectionPoolSettings=ConnectionPoolSettings{maxSize=100, minSize=0, maxWaitTimeMS=120000, maxConnectionLifeTimeMS=0, maxConnectionIdleTimeMS=0, maintenanceInitialDelayMS=0, maintenanceFrequencyMS=60000, connectionPoolListeners=[io.micrometer.core.instrument.binder.mongodb.MongoMetricsConnectionPoolListener@674ab30], maxConnecting=2}, serverSettings=ServerSettings{heartbeatFrequencyMS=10000, minHeartbeatFrequencyMS=500, serverListeners='[]', serverMonitorListeners='[]'}, sslSettings=SslSettings{enabled=false, invalidHostNameAllowed=false, context=null}, applicationName='null', compressorList=[], uuidRepresentation=JAVA_LEGACY, serverApi=null, autoEncryptionSettings=null, dnsClient=null, inetAddressResolver=null, contextProvider=null}
2025-05-03 16:15:46 [cluster-ClusterId{value='681608f2aceae6678b8d2ecb', description='null'}-localhost:27017] INFO  org.mongodb.driver.cluster - Monitor thread successfully connected to server with description ServerDescription{address=localhost:27017, type=STANDALONE, state=CONNECTED, ok=true, minWireVersion=0, maxWireVersion=25, maxDocumentSize=16777216, logicalSessionTimeoutMinutes=30, roundTripTimeNanos=1837792}
2025-05-03 16:15:46 [restartedMain] INFO  o.s.b.d.a.OptionalLiveReloadServer - LiveReload server is running on port 35729
2025-05-03 16:15:46 [restartedMain] INFO  o.s.b.a.e.web.EndpointLinksResolver - Exposing 3 endpoint(s) beneath base path '/actuator'
2025-05-03 16:15:46 [restartedMain] WARN  o.s.b.a.s.s.UserDetailsServiceAutoConfiguration - 

Using generated security password: b29423ea-e161-4a8a-902c-87c94a434f6d

This generated password is for development use only. Your security configuration must be updated before running your application in production.

2025-05-03 16:15:46 [restartedMain] INFO  o.s.s.web.DefaultSecurityFilterChain - Will secure any request with [org.springframework.security.web.session.DisableEncodeUrlFilter@4496fa03, org.springframework.security.web.context.request.async.WebAsyncManagerIntegrationFilter@7849201a, org.springframework.security.web.context.SecurityContextHolderFilter@135e6f58, org.springframework.security.web.header.HeaderWriterFilter@3b9eb6bf, org.springframework.web.filter.CorsFilter@3f2c86c2, org.springframework.security.web.authentication.logout.LogoutFilter@6beaf12a, org.springframework.security.web.savedrequest.RequestCacheAwareFilter@50835be6, org.springframework.security.web.servletapi.SecurityContextHolderAwareRequestFilter@45cb06f0, org.springframework.security.web.authentication.AnonymousAuthenticationFilter@6e4c1d19, org.springframework.security.web.access.ExceptionTranslationFilter@7a8dfa1c, org.springframework.security.web.access.intercept.AuthorizationFilter@3c1da583]
2025-05-03 16:15:46 [restartedMain] INFO  o.s.b.w.e.tomcat.TomcatWebServer - Tomcat started on port 8080 (http) with context path '/api/v1'
2025-05-03 16:15:46 [restartedMain] INFO  c.s.portfolio.PortfolioApplication - Started PortfolioApplication in 0.312 seconds (process running for 82.936)
2025-05-03 16:15:46 [restartedMain] INFO  o.s.b.d.a.ConditionEvaluationDeltaLoggingListener - Condition evaluation unchanged
2025-05-03 16:15:47 [File Watcher] INFO  o.s.b.d.a.LocalDevToolsAutoConfiguration$RestartingClassPathChangeChangedEventListener - Restarting due to 21 class path changes (20 additions, 0 deletions, 1 modification)
2025-05-03 16:15:48 [restartedMain] INFO  c.s.portfolio.PortfolioApplication - Starting PortfolioApplication using Java 21.0.6 with PID 6528 (/Users/muhammedshemeeladmin/cursor/shemeel-portfolio-web/backend/target/classes started by muhammedshemeeladmin in /Users/muhammedshemeeladmin/cursor/shemeel-portfolio-web/backend)
2025-05-03 16:15:48 [restartedMain] DEBUG c.s.portfolio.PortfolioApplication - Running with Spring Boot v3.2.4, Spring v6.1.5
2025-05-03 16:15:48 [restartedMain] INFO  c.s.portfolio.PortfolioApplication - No active profile set, falling back to 1 default profile: "default"
2025-05-03 16:15:48 [restartedMain] INFO  o.s.d.r.c.RepositoryConfigurationDelegate - Bootstrapping Spring Data MongoDB repositories in DEFAULT mode.
2025-05-03 16:15:48 [restartedMain] INFO  o.s.d.r.c.RepositoryConfigurationDelegate - Finished Spring Data repository scanning in 3 ms. Found 3 MongoDB repository interfaces.
2025-05-03 16:15:48 [restartedMain] INFO  o.s.b.w.e.tomcat.TomcatWebServer - Tomcat initialized with port 8080 (http)
2025-05-03 16:15:48 [restartedMain] INFO  o.a.catalina.core.StandardService - Starting service [Tomcat]
2025-05-03 16:15:48 [restartedMain] INFO  o.a.catalina.core.StandardEngine - Starting Servlet engine: [Apache Tomcat/10.1.19]
2025-05-03 16:15:48 [restartedMain] INFO  o.a.c.c.C.[.[localhost].[/api/v1] - Initializing Spring embedded WebApplicationContext
2025-05-03 16:15:48 [restartedMain] INFO  o.s.b.w.s.c.ServletWebServerApplicationContext - Root WebApplicationContext: initialization completed in 242 ms
2025-05-03 16:15:48 [restartedMain] INFO  org.mongodb.driver.client - MongoClient with metadata {"driver": {"name": "mongo-java-driver|sync|spring-boot", "version": "4.11.1"}, "os": {"type": "Darwin", "name": "Mac OS X", "architecture": "aarch64", "version": "15.4.1"}, "platform": "Java/Amazon.com Inc./21.0.6+7-LTS"} created with settings MongoClientSettings{readPreference=primary, writeConcern=WriteConcern{w=null, wTimeout=null ms, journal=null}, retryWrites=true, retryReads=true, readConcern=ReadConcern{level=null}, credential=null, transportSettings=null, streamFactoryFactory=null, commandListeners=[io.micrometer.core.instrument.binder.mongodb.MongoMetricsCommandListener@703bf236], codecRegistry=ProvidersCodecRegistry{codecProviders=[ValueCodecProvider{}, BsonValueCodecProvider{}, DBRefCodecProvider{}, DBObjectCodecProvider{}, DocumentCodecProvider{}, CollectionCodecProvider{}, IterableCodecProvider{}, MapCodecProvider{}, GeoJsonCodecProvider{}, GridFSFileCodecProvider{}, Jsr310CodecProvider{}, JsonObjectCodecProvider{}, BsonCodecProvider{}, EnumCodecProvider{}, com.mongodb.client.model.mql.ExpressionCodecProvider@409a2f1b, com.mongodb.Jep395RecordCodecProvider@77a672ed, com.mongodb.KotlinCodecProvider@3f25ef58]}, loggerSettings=LoggerSettings{maxDocumentLength=1000}, clusterSettings={hosts=[localhost:27017], srvServiceName=mongodb, mode=SINGLE, requiredClusterType=UNKNOWN, requiredReplicaSetName='null', serverSelector='null', clusterListeners='[]', serverSelectionTimeout='30000 ms', localThreshold='15 ms'}, socketSettings=SocketSettings{connectTimeoutMS=10000, readTimeoutMS=0, receiveBufferSize=0, proxySettings=ProxySettings{host=null, port=null, username=null, password=null}}, heartbeatSocketSettings=SocketSettings{connectTimeoutMS=10000, readTimeoutMS=10000, receiveBufferSize=0, proxySettings=ProxySettings{host=null, port=null, username=null, password=null}}, connectionPoolSettings=ConnectionPoolSettings{maxSize=100, minSize=0, maxWaitTimeMS=120000, maxConnectionLifeTimeMS=0, maxConnectionIdleTimeMS=0, maintenanceInitialDelayMS=0, maintenanceFrequencyMS=60000, connectionPoolListeners=[io.micrometer.core.instrument.binder.mongodb.MongoMetricsConnectionPoolListener@6015b2f4], maxConnecting=2}, serverSettings=ServerSettings{heartbeatFrequencyMS=10000, minHeartbeatFrequencyMS=500, serverListeners='[]', serverMonitorListeners='[]'}, sslSettings=SslSettings{enabled=false, invalidHostNameAllowed=false, context=null}, applicationName='null', compressorList=[], uuidRepresentation=JAVA_LEGACY, serverApi=null, autoEncryptionSettings=null, dnsClient=null, inetAddressResolver=null, contextProvider=null}
2025-05-03 16:15:48 [cluster-ClusterId{value='681608f4aceae6678b8d2ecc', description='null'}-localhost:27017] INFO  org.mongodb.driver.cluster - Monitor thread successfully connected to server with description ServerDescription{address=localhost:27017, type=STANDALONE, state=CONNECTED, ok=true, minWireVersion=0, maxWireVersion=25, maxDocumentSize=16777216, logicalSessionTimeoutMinutes=30, roundTripTimeNanos=1850542}
2025-05-03 16:15:48 [restartedMain] INFO  o.s.b.d.a.OptionalLiveReloadServer - LiveReload server is running on port 35729
2025-05-03 16:15:49 [restartedMain] INFO  o.s.b.a.e.web.EndpointLinksResolver - Exposing 3 endpoint(s) beneath base path '/actuator'
2025-05-03 16:15:49 [restartedMain] WARN  o.s.b.a.s.s.UserDetailsServiceAutoConfiguration - 

Using generated security password: 927b738b-a0a2-4bac-bc88-86f5dd2ac86b

This generated password is for development use only. Your security configuration must be updated before running your application in production.

2025-05-03 16:15:49 [restartedMain] INFO  o.s.s.web.DefaultSecurityFilterChain - Will secure any request with [org.springframework.security.web.session.DisableEncodeUrlFilter@23b61900, org.springframework.security.web.context.request.async.WebAsyncManagerIntegrationFilter@5f18d49c, org.springframework.security.web.context.SecurityContextHolderFilter@611b4fcc, org.springframework.security.web.header.HeaderWriterFilter@44774479, org.springframework.web.filter.CorsFilter@4383ec71, org.springframework.security.web.authentication.logout.LogoutFilter@14cd03e1, org.springframework.security.web.savedrequest.RequestCacheAwareFilter@6a1ebdd7, org.springframework.security.web.servletapi.SecurityContextHolderAwareRequestFilter@51b98e22, org.springframework.security.web.authentication.AnonymousAuthenticationFilter@68c4ab40, org.springframework.security.web.access.ExceptionTranslationFilter@7b881284, org.springframework.security.web.access.intercept.AuthorizationFilter@1677a372]
2025-05-03 16:15:49 [restartedMain] INFO  o.s.b.w.e.tomcat.TomcatWebServer - Tomcat started on port 8080 (http) with context path '/api/v1'
2025-05-03 16:15:49 [restartedMain] INFO  c.s.portfolio.PortfolioApplication - Started PortfolioApplication in 0.47 seconds (process running for 85.889)
2025-05-03 16:15:49 [restartedMain] INFO  o.s.b.d.a.ConditionEvaluationDeltaLoggingListener - Condition evaluation unchanged
2025-05-03 16:15:53 [main] INFO  c.s.portfolio.PortfolioApplication - Starting PortfolioApplication using Java 21.0.6 with PID 7044 (/Users/muhammedshemeeladmin/cursor/shemeel-portfolio-web/backend/target/classes started by muhammedshemeeladmin in /Users/muhammedshemeeladmin/cursor/shemeel-portfolio-web/backend)
2025-05-03 16:15:53 [main] DEBUG c.s.portfolio.PortfolioApplication - Running with Spring Boot v3.2.4, Spring v6.1.5
2025-05-03 16:15:53 [main] INFO  c.s.portfolio.PortfolioApplication - No active profile set, falling back to 1 default profile: "default"
2025-05-03 16:15:54 [main] INFO  o.s.d.r.c.RepositoryConfigurationDelegate - Bootstrapping Spring Data MongoDB repositories in DEFAULT mode.
2025-05-03 16:15:54 [main] INFO  o.s.d.r.c.RepositoryConfigurationDelegate - Finished Spring Data repository scanning in 16 ms. Found 3 MongoDB repository interfaces.
2025-05-03 16:15:54 [main] INFO  o.s.b.w.e.tomcat.TomcatWebServer - Tomcat initialized with port 8080 (http)
2025-05-03 16:15:54 [main] INFO  o.a.catalina.core.StandardService - Starting service [Tomcat]
2025-05-03 16:15:54 [main] INFO  o.a.catalina.core.StandardEngine - Starting Servlet engine: [Apache Tomcat/10.1.19]
2025-05-03 16:15:54 [main] INFO  o.a.c.c.C.[.[localhost].[/api/v1] - Initializing Spring embedded WebApplicationContext
2025-05-03 16:15:54 [main] INFO  o.s.b.w.s.c.ServletWebServerApplicationContext - Root WebApplicationContext: initialization completed in 387 ms
2025-05-03 16:15:54 [main] INFO  org.mongodb.driver.client - MongoClient with metadata {"driver": {"name": "mongo-java-driver|sync|spring-boot", "version": "4.11.1"}, "os": {"type": "Darwin", "name": "Mac OS X", "architecture": "aarch64", "version": "15.4.1"}, "platform": "Java/Amazon.com Inc./21.0.6+7-LTS"} created with settings MongoClientSettings{readPreference=primary, writeConcern=WriteConcern{w=null, wTimeout=null ms, journal=null}, retryWrites=true, retryReads=true, readConcern=ReadConcern{level=null}, credential=null, transportSettings=null, streamFactoryFactory=null, commandListeners=[], codecRegistry=ProvidersCodecRegistry{codecProviders=[ValueCodecProvider{}, BsonValueCodecProvider{}, DBRefCodecProvider{}, DBObjectCodecProvider{}, DocumentCodecProvider{}, CollectionCodecProvider{}, IterableCodecProvider{}, MapCodecProvider{}, GeoJsonCodecProvider{}, GridFSFileCodecProvider{}, Jsr310CodecProvider{}, JsonObjectCodecProvider{}, BsonCodecProvider{}, EnumCodecProvider{}, com.mongodb.client.model.mql.ExpressionCodecProvider@7fda2001, com.mongodb.Jep395RecordCodecProvider@162c1dfb, com.mongodb.KotlinCodecProvider@21ae657b]}, loggerSettings=LoggerSettings{maxDocumentLength=1000}, clusterSettings={hosts=[localhost:27017], srvServiceName=mongodb, mode=SINGLE, requiredClusterType=UNKNOWN, requiredReplicaSetName='null', serverSelector='null', clusterListeners='[]', serverSelectionTimeout='30000 ms', localThreshold='15 ms'}, socketSettings=SocketSettings{connectTimeoutMS=10000, readTimeoutMS=0, receiveBufferSize=0, proxySettings=ProxySettings{host=null, port=null, username=null, password=null}}, heartbeatSocketSettings=SocketSettings{connectTimeoutMS=10000, readTimeoutMS=10000, receiveBufferSize=0, proxySettings=ProxySettings{host=null, port=null, username=null, password=null}}, connectionPoolSettings=ConnectionPoolSettings{maxSize=100, minSize=0, maxWaitTimeMS=120000, maxConnectionLifeTimeMS=0, maxConnectionIdleTimeMS=0, maintenanceInitialDelayMS=0, maintenanceFrequencyMS=60000, connectionPoolListeners=[], maxConnecting=2}, serverSettings=ServerSettings{heartbeatFrequencyMS=10000, minHeartbeatFrequencyMS=500, serverListeners='[]', serverMonitorListeners='[]'}, sslSettings=SslSettings{enabled=false, invalidHostNameAllowed=false, context=null}, applicationName='null', compressorList=[], uuidRepresentation=JAVA_LEGACY, serverApi=null, autoEncryptionSettings=null, dnsClient=null, inetAddressResolver=null, contextProvider=null}
2025-05-03 16:15:54 [cluster-ClusterId{value='681608fa2ae4702fc70366cf', description='null'}-localhost:27017] INFO  org.mongodb.driver.cluster - Monitor thread successfully connected to server with description ServerDescription{address=localhost:27017, type=STANDALONE, state=CONNECTED, ok=true, minWireVersion=0, maxWireVersion=25, maxDocumentSize=16777216, logicalSessionTimeoutMinutes=30, roundTripTimeNanos=7592000}
2025-05-03 16:15:54 [main] WARN  o.s.b.a.s.s.UserDetailsServiceAutoConfiguration - 

Using generated security password: 3e0f176d-e939-4b8f-889b-65332199c939

This generated password is for development use only. Your security configuration must be updated before running your application in production.

2025-05-03 16:15:54 [main] INFO  o.s.s.web.DefaultSecurityFilterChain - Will secure any request with [org.springframework.security.web.session.DisableEncodeUrlFilter@489f62a3, org.springframework.security.web.context.request.async.WebAsyncManagerIntegrationFilter@6e068ac9, org.springframework.security.web.context.SecurityContextHolderFilter@6164e137, org.springframework.security.web.header.HeaderWriterFilter@b428830, org.springframework.web.filter.CorsFilter@3d0352, org.springframework.security.web.authentication.logout.LogoutFilter@6e2eead5, org.springframework.security.web.savedrequest.RequestCacheAwareFilter@3d8d970e, org.springframework.security.web.servletapi.SecurityContextHolderAwareRequestFilter@2fac80a8, org.springframework.security.web.authentication.AnonymousAuthenticationFilter@bb6f3f7, org.springframework.security.web.access.ExceptionTranslationFilter@334540a0, org.springframework.security.web.access.intercept.AuthorizationFilter@710ae6a7]
2025-05-03 16:15:54 [main] INFO  o.s.b.w.e.tomcat.TomcatWebServer - Tomcat started on port 8080 (http) with context path '/api/v1'
2025-05-03 16:15:54 [main] INFO  c.s.portfolio.PortfolioApplication - Started PortfolioApplication in 0.935 seconds (process running for 1.042)
2025-05-03 16:16:01 [http-nio-8080-exec-1] INFO  o.a.c.c.C.[.[localhost].[/api/v1] - Initializing Spring DispatcherServlet 'dispatcherServlet'
2025-05-03 16:16:01 [http-nio-8080-exec-1] INFO  o.s.web.servlet.DispatcherServlet - Initializing Servlet 'dispatcherServlet'
2025-05-03 16:16:01 [http-nio-8080-exec-1] INFO  o.s.web.servlet.DispatcherServlet - Completed initialization in 1 ms
2025-05-03 16:17:15 [main] INFO  c.s.portfolio.PortfolioApplication - Starting PortfolioApplication using Java 21.0.6 with PID 7555 (/Users/muhammedshemeeladmin/cursor/shemeel-portfolio-web/backend/target/classes started by muhammedshemeeladmin in /Users/muhammedshemeeladmin/cursor/shemeel-portfolio-web/backend)
2025-05-03 16:17:15 [main] DEBUG c.s.portfolio.PortfolioApplication - Running with Spring Boot v3.2.4, Spring v6.1.5
2025-05-03 16:17:15 [main] INFO  c.s.portfolio.PortfolioApplication - No active profile set, falling back to 1 default profile: "default"
2025-05-03 16:17:15 [main] INFO  o.s.d.r.c.RepositoryConfigurationDelegate - Bootstrapping Spring Data MongoDB repositories in DEFAULT mode.
2025-05-03 16:17:15 [main] INFO  o.s.d.r.c.RepositoryConfigurationDelegate - Finished Spring Data repository scanning in 17 ms. Found 3 MongoDB repository interfaces.
2025-05-03 16:17:16 [main] INFO  o.s.b.w.e.tomcat.TomcatWebServer - Tomcat initialized with port 8080 (http)
2025-05-03 16:17:16 [main] INFO  o.a.catalina.core.StandardService - Starting service [Tomcat]
2025-05-03 16:17:16 [main] INFO  o.a.catalina.core.StandardEngine - Starting Servlet engine: [Apache Tomcat/10.1.19]
2025-05-03 16:17:16 [main] INFO  o.a.c.c.C.[.[localhost].[/api/v1] - Initializing Spring embedded WebApplicationContext
2025-05-03 16:17:16 [main] INFO  o.s.b.w.s.c.ServletWebServerApplicationContext - Root WebApplicationContext: initialization completed in 390 ms
2025-05-03 16:17:16 [main] INFO  org.mongodb.driver.client - MongoClient with metadata {"driver": {"name": "mongo-java-driver|sync|spring-boot", "version": "4.11.1"}, "os": {"type": "Darwin", "name": "Mac OS X", "architecture": "aarch64", "version": "15.4.1"}, "platform": "Java/Amazon.com Inc./21.0.6+7-LTS"} created with settings MongoClientSettings{readPreference=primary, writeConcern=WriteConcern{w=null, wTimeout=null ms, journal=null}, retryWrites=true, retryReads=true, readConcern=ReadConcern{level=null}, credential=null, transportSettings=null, streamFactoryFactory=null, commandListeners=[], codecRegistry=ProvidersCodecRegistry{codecProviders=[ValueCodecProvider{}, BsonValueCodecProvider{}, DBRefCodecProvider{}, DBObjectCodecProvider{}, DocumentCodecProvider{}, CollectionCodecProvider{}, IterableCodecProvider{}, MapCodecProvider{}, GeoJsonCodecProvider{}, GridFSFileCodecProvider{}, Jsr310CodecProvider{}, JsonObjectCodecProvider{}, BsonCodecProvider{}, EnumCodecProvider{}, com.mongodb.client.model.mql.ExpressionCodecProvider@3e214105, com.mongodb.Jep395RecordCodecProvider@da4cf09, com.mongodb.KotlinCodecProvider@1980a3f]}, loggerSettings=LoggerSettings{maxDocumentLength=1000}, clusterSettings={hosts=[localhost:27017], srvServiceName=mongodb, mode=SINGLE, requiredClusterType=UNKNOWN, requiredReplicaSetName='null', serverSelector='null', clusterListeners='[]', serverSelectionTimeout='30000 ms', localThreshold='15 ms'}, socketSettings=SocketSettings{connectTimeoutMS=10000, readTimeoutMS=0, receiveBufferSize=0, proxySettings=ProxySettings{host=null, port=null, username=null, password=null}}, heartbeatSocketSettings=SocketSettings{connectTimeoutMS=10000, readTimeoutMS=10000, receiveBufferSize=0, proxySettings=ProxySettings{host=null, port=null, username=null, password=null}}, connectionPoolSettings=ConnectionPoolSettings{maxSize=100, minSize=0, maxWaitTimeMS=120000, maxConnectionLifeTimeMS=0, maxConnectionIdleTimeMS=0, maintenanceInitialDelayMS=0, maintenanceFrequencyMS=60000, connectionPoolListeners=[], maxConnecting=2}, serverSettings=ServerSettings{heartbeatFrequencyMS=10000, minHeartbeatFrequencyMS=500, serverListeners='[]', serverMonitorListeners='[]'}, sslSettings=SslSettings{enabled=false, invalidHostNameAllowed=false, context=null}, applicationName='null', compressorList=[], uuidRepresentation=JAVA_LEGACY, serverApi=null, autoEncryptionSettings=null, dnsClient=null, inetAddressResolver=null, contextProvider=null}
2025-05-03 16:17:16 [cluster-ClusterId{value='6816094c174e45593fe09503', description='null'}-localhost:27017] INFO  org.mongodb.driver.cluster - Monitor thread successfully connected to server with description ServerDescription{address=localhost:27017, type=STANDALONE, state=CONNECTED, ok=true, minWireVersion=0, maxWireVersion=25, maxDocumentSize=16777216, logicalSessionTimeoutMinutes=30, roundTripTimeNanos=8248417}
2025-05-03 16:17:16 [main] WARN  o.s.b.a.s.s.UserDetailsServiceAutoConfiguration - 

Using generated security password: 03a79ef7-d41e-446f-ac55-45f092b23daa

This generated password is for development use only. Your security configuration must be updated before running your application in production.

2025-05-03 16:17:16 [main] INFO  o.s.s.web.DefaultSecurityFilterChain - Will secure any request with [org.springframework.security.web.session.DisableEncodeUrlFilter@1c2d63f0, org.springframework.security.web.context.request.async.WebAsyncManagerIntegrationFilter@3a588b5f, org.springframework.security.web.context.SecurityContextHolderFilter@446c8c72, org.springframework.security.web.header.HeaderWriterFilter@45dde6ac, org.springframework.web.filter.CorsFilter@20b54cfe, org.springframework.security.web.authentication.logout.LogoutFilter@4a6a6a69, org.springframework.security.web.savedrequest.RequestCacheAwareFilter@11d2714a, org.springframework.security.web.servletapi.SecurityContextHolderAwareRequestFilter@ca546a1, org.springframework.security.web.authentication.AnonymousAuthenticationFilter@2bdb5e0f, org.springframework.security.web.access.ExceptionTranslationFilter@5e385b6f, org.springframework.security.web.access.intercept.AuthorizationFilter@1f172892]
2025-05-03 16:17:16 [main] INFO  o.s.b.w.e.tomcat.TomcatWebServer - Tomcat started on port 8080 (http) with context path '/api/v1'
2025-05-03 16:17:16 [main] INFO  c.s.portfolio.PortfolioApplication - Started PortfolioApplication in 0.953 seconds (process running for 1.064)
2025-05-03 16:17:42 [http-nio-8080-exec-1] INFO  o.a.c.c.C.[.[localhost].[/api/v1] - Initializing Spring DispatcherServlet 'dispatcherServlet'
2025-05-03 16:17:42 [http-nio-8080-exec-1] INFO  o.s.web.servlet.DispatcherServlet - Initializing Servlet 'dispatcherServlet'
2025-05-03 16:17:42 [http-nio-8080-exec-1] INFO  o.s.web.servlet.DispatcherServlet - Completed initialization in 1 ms
2025-05-03 16:19:05 [main] INFO  c.s.portfolio.PortfolioApplication - Starting PortfolioApplication using Java 21.0.6 with PID 8164 (/Users/muhammedshemeeladmin/cursor/shemeel-portfolio-web/backend/target/classes started by muhammedshemeeladmin in /Users/muhammedshemeeladmin/cursor/shemeel-portfolio-web/backend)
2025-05-03 16:19:05 [main] DEBUG c.s.portfolio.PortfolioApplication - Running with Spring Boot v3.2.4, Spring v6.1.5
2025-05-03 16:19:05 [main] INFO  c.s.portfolio.PortfolioApplication - No active profile set, falling back to 1 default profile: "default"
2025-05-03 16:19:06 [main] INFO  o.s.d.r.c.RepositoryConfigurationDelegate - Bootstrapping Spring Data MongoDB repositories in DEFAULT mode.
2025-05-03 16:19:06 [main] INFO  o.s.d.r.c.RepositoryConfigurationDelegate - Finished Spring Data repository scanning in 16 ms. Found 3 MongoDB repository interfaces.
2025-05-03 16:19:06 [main] INFO  o.s.b.w.e.tomcat.TomcatWebServer - Tomcat initialized with port 8080 (http)
2025-05-03 16:19:06 [main] INFO  o.a.catalina.core.StandardService - Starting service [Tomcat]
2025-05-03 16:19:06 [main] INFO  o.a.catalina.core.StandardEngine - Starting Servlet engine: [Apache Tomcat/10.1.19]
2025-05-03 16:19:06 [main] INFO  o.a.c.c.C.[.[localhost].[/api/v1] - Initializing Spring embedded WebApplicationContext
2025-05-03 16:19:06 [main] INFO  o.s.b.w.s.c.ServletWebServerApplicationContext - Root WebApplicationContext: initialization completed in 472 ms
2025-05-03 16:19:06 [main] INFO  org.mongodb.driver.client - MongoClient with metadata {"driver": {"name": "mongo-java-driver|sync|spring-boot", "version": "4.11.1"}, "os": {"type": "Darwin", "name": "Mac OS X", "architecture": "aarch64", "version": "15.4.1"}, "platform": "Java/Amazon.com Inc./21.0.6+7-LTS"} created with settings MongoClientSettings{readPreference=primary, writeConcern=WriteConcern{w=null, wTimeout=null ms, journal=null}, retryWrites=true, retryReads=true, readConcern=ReadConcern{level=null}, credential=null, transportSettings=null, streamFactoryFactory=null, commandListeners=[], codecRegistry=ProvidersCodecRegistry{codecProviders=[ValueCodecProvider{}, BsonValueCodecProvider{}, DBRefCodecProvider{}, DBObjectCodecProvider{}, DocumentCodecProvider{}, CollectionCodecProvider{}, IterableCodecProvider{}, MapCodecProvider{}, GeoJsonCodecProvider{}, GridFSFileCodecProvider{}, Jsr310CodecProvider{}, JsonObjectCodecProvider{}, BsonCodecProvider{}, EnumCodecProvider{}, com.mongodb.client.model.mql.ExpressionCodecProvider@1f4f0fcc, com.mongodb.Jep395RecordCodecProvider@46c10083, com.mongodb.KotlinCodecProvider@28e8888d]}, loggerSettings=LoggerSettings{maxDocumentLength=1000}, clusterSettings={hosts=[localhost:27017], srvServiceName=mongodb, mode=SINGLE, requiredClusterType=UNKNOWN, requiredReplicaSetName='null', serverSelector='null', clusterListeners='[]', serverSelectionTimeout='30000 ms', localThreshold='15 ms'}, socketSettings=SocketSettings{connectTimeoutMS=10000, readTimeoutMS=0, receiveBufferSize=0, proxySettings=ProxySettings{host=null, port=null, username=null, password=null}}, heartbeatSocketSettings=SocketSettings{connectTimeoutMS=10000, readTimeoutMS=10000, receiveBufferSize=0, proxySettings=ProxySettings{host=null, port=null, username=null, password=null}}, connectionPoolSettings=ConnectionPoolSettings{maxSize=100, minSize=0, maxWaitTimeMS=120000, maxConnectionLifeTimeMS=0, maxConnectionIdleTimeMS=0, maintenanceInitialDelayMS=0, maintenanceFrequencyMS=60000, connectionPoolListeners=[], maxConnecting=2}, serverSettings=ServerSettings{heartbeatFrequencyMS=10000, minHeartbeatFrequencyMS=500, serverListeners='[]', serverMonitorListeners='[]'}, sslSettings=SslSettings{enabled=false, invalidHostNameAllowed=false, context=null}, applicationName='null', compressorList=[], uuidRepresentation=JAVA_LEGACY, serverApi=null, autoEncryptionSettings=null, dnsClient=null, inetAddressResolver=null, contextProvider=null}
2025-05-03 16:19:06 [cluster-ClusterId{value='681609babe7293505d57d862', description='null'}-localhost:27017] INFO  org.mongodb.driver.cluster - Monitor thread successfully connected to server with description ServerDescription{address=localhost:27017, type=STANDALONE, state=CONNECTED, ok=true, minWireVersion=0, maxWireVersion=25, maxDocumentSize=16777216, logicalSessionTimeoutMinutes=30, roundTripTimeNanos=7445917}
2025-05-03 16:19:06 [main] WARN  o.s.b.a.s.s.UserDetailsServiceAutoConfiguration - 

Using generated security password: f8ffa942-93c9-455d-a5c8-5a1b374596db

This generated password is for development use only. Your security configuration must be updated before running your application in production.

2025-05-03 16:19:06 [main] INFO  o.s.s.web.DefaultSecurityFilterChain - Will secure any request with [org.springframework.security.web.session.DisableEncodeUrlFilter@2e349cf2, org.springframework.security.web.context.request.async.WebAsyncManagerIntegrationFilter@3dbb3fb7, org.springframework.security.web.context.SecurityContextHolderFilter@34beadce, org.springframework.security.web.header.HeaderWriterFilter@7f5e6833, org.springframework.web.filter.CorsFilter@68a426c3, org.springframework.security.web.authentication.logout.LogoutFilter@7ed8b44, org.springframework.security.web.savedrequest.RequestCacheAwareFilter@2eb6d34a, org.springframework.security.web.servletapi.SecurityContextHolderAwareRequestFilter@2d73e8c4, org.springframework.security.web.authentication.AnonymousAuthenticationFilter@182cc69e, org.springframework.security.web.access.ExceptionTranslationFilter@1f71e024, org.springframework.security.web.access.intercept.AuthorizationFilter@7c0de229]
2025-05-03 16:19:06 [main] INFO  o.s.b.w.e.tomcat.TomcatWebServer - Tomcat started on port 8080 (http) with context path '/api/v1'
2025-05-03 16:19:06 [main] INFO  c.s.portfolio.PortfolioApplication - Started PortfolioApplication in 1.066 seconds (process running for 1.182)
2025-05-03 16:19:22 [http-nio-8080-exec-1] INFO  o.a.c.c.C.[.[localhost].[/api/v1] - Initializing Spring DispatcherServlet 'dispatcherServlet'
2025-05-03 16:19:22 [http-nio-8080-exec-1] INFO  o.s.web.servlet.DispatcherServlet - Initializing Servlet 'dispatcherServlet'
2025-05-03 16:19:22 [http-nio-8080-exec-1] INFO  o.s.web.servlet.DispatcherServlet - Completed initialization in 1 ms
2025-05-03 16:19:22 [http-nio-8080-exec-9] INFO  o.s.api.AbstractOpenApiResource - Init duration for springdoc-openapi is: 82 ms
2025-05-03 16:20:11 [main] INFO  c.s.portfolio.PortfolioApplication - Starting PortfolioApplication using Java 21.0.6 with PID 8461 (/Users/muhammedshemeeladmin/cursor/shemeel-portfolio-web/backend/target/classes started by muhammedshemeeladmin in /Users/muhammedshemeeladmin/cursor/shemeel-portfolio-web/backend)
2025-05-03 16:20:11 [main] DEBUG c.s.portfolio.PortfolioApplication - Running with Spring Boot v3.2.4, Spring v6.1.5
2025-05-03 16:20:11 [main] INFO  c.s.portfolio.PortfolioApplication - No active profile set, falling back to 1 default profile: "default"
2025-05-03 16:20:11 [main] INFO  o.s.d.r.c.RepositoryConfigurationDelegate - Bootstrapping Spring Data MongoDB repositories in DEFAULT mode.
2025-05-03 16:20:11 [main] INFO  o.s.d.r.c.RepositoryConfigurationDelegate - Finished Spring Data repository scanning in 18 ms. Found 3 MongoDB repository interfaces.
2025-05-03 16:20:11 [main] INFO  o.s.b.w.e.tomcat.TomcatWebServer - Tomcat initialized with port 8080 (http)
2025-05-03 16:20:11 [main] INFO  o.a.catalina.core.StandardService - Starting service [Tomcat]
2025-05-03 16:20:11 [main] INFO  o.a.catalina.core.StandardEngine - Starting Servlet engine: [Apache Tomcat/10.1.19]
2025-05-03 16:20:11 [main] INFO  o.a.c.c.C.[.[localhost].[/api/v1] - Initializing Spring embedded WebApplicationContext
2025-05-03 16:20:11 [main] INFO  o.s.b.w.s.c.ServletWebServerApplicationContext - Root WebApplicationContext: initialization completed in 561 ms
2025-05-03 16:20:11 [main] INFO  org.mongodb.driver.client - MongoClient with metadata {"driver": {"name": "mongo-java-driver|sync|spring-boot", "version": "4.11.1"}, "os": {"type": "Darwin", "name": "Mac OS X", "architecture": "aarch64", "version": "15.4.1"}, "platform": "Java/Amazon.com Inc./21.0.6+7-LTS"} created with settings MongoClientSettings{readPreference=primary, writeConcern=WriteConcern{w=null, wTimeout=null ms, journal=null}, retryWrites=true, retryReads=true, readConcern=ReadConcern{level=null}, credential=null, transportSettings=null, streamFactoryFactory=null, commandListeners=[], codecRegistry=ProvidersCodecRegistry{codecProviders=[ValueCodecProvider{}, BsonValueCodecProvider{}, DBRefCodecProvider{}, DBObjectCodecProvider{}, DocumentCodecProvider{}, CollectionCodecProvider{}, IterableCodecProvider{}, MapCodecProvider{}, GeoJsonCodecProvider{}, GridFSFileCodecProvider{}, Jsr310CodecProvider{}, JsonObjectCodecProvider{}, BsonCodecProvider{}, EnumCodecProvider{}, com.mongodb.client.model.mql.ExpressionCodecProvider@496cc217, com.mongodb.Jep395RecordCodecProvider@1a1c21b4, com.mongodb.KotlinCodecProvider@1cd2ff5b]}, loggerSettings=LoggerSettings{maxDocumentLength=1000}, clusterSettings={hosts=[localhost:27017], srvServiceName=mongodb, mode=SINGLE, requiredClusterType=UNKNOWN, requiredReplicaSetName='null', serverSelector='null', clusterListeners='[]', serverSelectionTimeout='30000 ms', localThreshold='15 ms'}, socketSettings=SocketSettings{connectTimeoutMS=10000, readTimeoutMS=0, receiveBufferSize=0, proxySettings=ProxySettings{host=null, port=null, username=null, password=null}}, heartbeatSocketSettings=SocketSettings{connectTimeoutMS=10000, readTimeoutMS=10000, receiveBufferSize=0, proxySettings=ProxySettings{host=null, port=null, username=null, password=null}}, connectionPoolSettings=ConnectionPoolSettings{maxSize=100, minSize=0, maxWaitTimeMS=120000, maxConnectionLifeTimeMS=0, maxConnectionIdleTimeMS=0, maintenanceInitialDelayMS=0, maintenanceFrequencyMS=60000, connectionPoolListeners=[], maxConnecting=2}, serverSettings=ServerSettings{heartbeatFrequencyMS=10000, minHeartbeatFrequencyMS=500, serverListeners='[]', serverMonitorListeners='[]'}, sslSettings=SslSettings{enabled=false, invalidHostNameAllowed=false, context=null}, applicationName='null', compressorList=[], uuidRepresentation=JAVA_LEGACY, serverApi=null, autoEncryptionSettings=null, dnsClient=null, inetAddressResolver=null, contextProvider=null}
2025-05-03 16:20:11 [cluster-ClusterId{value='681609fb121685422f7c95dd', description='null'}-localhost:27017] INFO  org.mongodb.driver.cluster - Monitor thread successfully connected to server with description ServerDescription{address=localhost:27017, type=STANDALONE, state=CONNECTED, ok=true, minWireVersion=0, maxWireVersion=25, maxDocumentSize=16777216, logicalSessionTimeoutMinutes=30, roundTripTimeNanos=14067500}
2025-05-03 16:20:12 [main] WARN  o.s.b.a.s.s.UserDetailsServiceAutoConfiguration - 

Using generated security password: 0e495718-974e-41a4-ad93-919abd14a4ef

This generated password is for development use only. Your security configuration must be updated before running your application in production.

2025-05-03 16:20:12 [main] INFO  o.s.s.web.DefaultSecurityFilterChain - Will secure any request with [org.springframework.security.web.session.DisableEncodeUrlFilter@7878bbdb, org.springframework.security.web.context.request.async.WebAsyncManagerIntegrationFilter@25f7cc38, org.springframework.security.web.context.SecurityContextHolderFilter@5a1a20ae, org.springframework.security.web.header.HeaderWriterFilter@3fd33f48, org.springframework.web.filter.CorsFilter@563263a, org.springframework.security.web.authentication.logout.LogoutFilter@fd87c22, org.springframework.security.web.savedrequest.RequestCacheAwareFilter@186481d4, org.springframework.security.web.servletapi.SecurityContextHolderAwareRequestFilter@24eecabf, org.springframework.security.web.authentication.AnonymousAuthenticationFilter@53e28097, org.springframework.security.web.access.ExceptionTranslationFilter@3ea84e01, org.springframework.security.web.access.intercept.AuthorizationFilter@5d800a56]
2025-05-03 16:20:12 [main] INFO  o.s.b.w.e.tomcat.TomcatWebServer - Tomcat started on port 8080 (http) with context path '/api/v1'
2025-05-03 16:20:12 [main] INFO  c.s.portfolio.PortfolioApplication - Started PortfolioApplication in 1.34 seconds (process running for 1.634)
2025-05-03 16:20:19 [http-nio-8080-exec-1] INFO  o.a.c.c.C.[.[localhost].[/api/v1] - Initializing Spring DispatcherServlet 'dispatcherServlet'
2025-05-03 16:20:19 [http-nio-8080-exec-1] INFO  o.s.web.servlet.DispatcherServlet - Initializing Servlet 'dispatcherServlet'
2025-05-03 16:20:19 [http-nio-8080-exec-1] INFO  o.s.web.servlet.DispatcherServlet - Completed initialization in 1 ms
2025-05-03 16:20:19 [http-nio-8080-exec-9] INFO  o.s.api.AbstractOpenApiResource - Init duration for springdoc-openapi is: 126 ms
2025-05-03 16:23:07 [main] INFO  c.s.portfolio.PortfolioApplication - Starting PortfolioApplication using Java 21.0.6 with PID 9219 (/Users/muhammedshemeeladmin/cursor/shemeel-portfolio-web/backend/target/classes started by muhammedshemeeladmin in /Users/muhammedshemeeladmin/cursor/shemeel-portfolio-web/backend)
2025-05-03 16:23:07 [main] DEBUG c.s.portfolio.PortfolioApplication - Running with Spring Boot v3.2.4, Spring v6.1.5
2025-05-03 16:23:07 [main] INFO  c.s.portfolio.PortfolioApplication - No active profile set, falling back to 1 default profile: "default"
2025-05-03 16:23:07 [main] INFO  o.s.d.r.c.RepositoryConfigurationDelegate - Bootstrapping Spring Data MongoDB repositories in DEFAULT mode.
2025-05-03 16:23:07 [main] INFO  o.s.d.r.c.RepositoryConfigurationDelegate - Finished Spring Data repository scanning in 16 ms. Found 3 MongoDB repository interfaces.
2025-05-03 16:23:07 [main] INFO  o.s.b.w.e.tomcat.TomcatWebServer - Tomcat initialized with port 8080 (http)
2025-05-03 16:23:07 [main] INFO  o.a.catalina.core.StandardService - Starting service [Tomcat]
2025-05-03 16:23:07 [main] INFO  o.a.catalina.core.StandardEngine - Starting Servlet engine: [Apache Tomcat/10.1.19]
2025-05-03 16:23:07 [main] INFO  o.a.c.c.C.[.[localhost].[/api/v1] - Initializing Spring embedded WebApplicationContext
2025-05-03 16:23:07 [main] INFO  o.s.b.w.s.c.ServletWebServerApplicationContext - Root WebApplicationContext: initialization completed in 502 ms
2025-05-03 16:23:07 [main] INFO  org.mongodb.driver.client - MongoClient with metadata {"driver": {"name": "mongo-java-driver|sync|spring-boot", "version": "4.11.1"}, "os": {"type": "Darwin", "name": "Mac OS X", "architecture": "aarch64", "version": "15.4.1"}, "platform": "Java/Amazon.com Inc./21.0.6+7-LTS"} created with settings MongoClientSettings{readPreference=primary, writeConcern=WriteConcern{w=null, wTimeout=null ms, journal=null}, retryWrites=true, retryReads=true, readConcern=ReadConcern{level=null}, credential=null, transportSettings=null, streamFactoryFactory=null, commandListeners=[], codecRegistry=ProvidersCodecRegistry{codecProviders=[ValueCodecProvider{}, BsonValueCodecProvider{}, DBRefCodecProvider{}, DBObjectCodecProvider{}, DocumentCodecProvider{}, CollectionCodecProvider{}, IterableCodecProvider{}, MapCodecProvider{}, GeoJsonCodecProvider{}, GridFSFileCodecProvider{}, Jsr310CodecProvider{}, JsonObjectCodecProvider{}, BsonCodecProvider{}, EnumCodecProvider{}, com.mongodb.client.model.mql.ExpressionCodecProvider@7345f97d, com.mongodb.Jep395RecordCodecProvider@554566a8, com.mongodb.KotlinCodecProvider@66020d69]}, loggerSettings=LoggerSettings{maxDocumentLength=1000}, clusterSettings={hosts=[localhost:27017], srvServiceName=mongodb, mode=SINGLE, requiredClusterType=UNKNOWN, requiredReplicaSetName='null', serverSelector='null', clusterListeners='[]', serverSelectionTimeout='30000 ms', localThreshold='15 ms'}, socketSettings=SocketSettings{connectTimeoutMS=10000, readTimeoutMS=0, receiveBufferSize=0, proxySettings=ProxySettings{host=null, port=null, username=null, password=null}}, heartbeatSocketSettings=SocketSettings{connectTimeoutMS=10000, readTimeoutMS=10000, receiveBufferSize=0, proxySettings=ProxySettings{host=null, port=null, username=null, password=null}}, connectionPoolSettings=ConnectionPoolSettings{maxSize=100, minSize=0, maxWaitTimeMS=120000, maxConnectionLifeTimeMS=0, maxConnectionIdleTimeMS=0, maintenanceInitialDelayMS=0, maintenanceFrequencyMS=60000, connectionPoolListeners=[], maxConnecting=2}, serverSettings=ServerSettings{heartbeatFrequencyMS=10000, minHeartbeatFrequencyMS=500, serverListeners='[]', serverMonitorListeners='[]'}, sslSettings=SslSettings{enabled=false, invalidHostNameAllowed=false, context=null}, applicationName='null', compressorList=[], uuidRepresentation=JAVA_LEGACY, serverApi=null, autoEncryptionSettings=null, dnsClient=null, inetAddressResolver=null, contextProvider=null}
2025-05-03 16:23:07 [cluster-ClusterId{value='68160aab678e0720fe9024a2', description='null'}-localhost:27017] INFO  org.mongodb.driver.cluster - Monitor thread successfully connected to server with description ServerDescription{address=localhost:27017, type=STANDALONE, state=CONNECTED, ok=true, minWireVersion=0, maxWireVersion=25, maxDocumentSize=16777216, logicalSessionTimeoutMinutes=30, roundTripTimeNanos=9345875}
2025-05-03 16:23:08 [main] WARN  o.s.b.a.s.s.UserDetailsServiceAutoConfiguration - 

Using generated security password: 306896b0-89e3-4e93-b179-2d09ce330d24

This generated password is for development use only. Your security configuration must be updated before running your application in production.

2025-05-03 16:23:08 [main] INFO  o.s.s.web.DefaultSecurityFilterChain - Will secure any request with [org.springframework.security.web.session.DisableEncodeUrlFilter@1b98355f, org.springframework.security.web.context.request.async.WebAsyncManagerIntegrationFilter@949d347, org.springframework.security.web.context.SecurityContextHolderFilter@35f760a4, org.springframework.security.web.header.HeaderWriterFilter@54496c2d, org.springframework.web.filter.CorsFilter@f5ae29e, org.springframework.security.web.authentication.logout.LogoutFilter@6b6fd0, org.springframework.security.web.savedrequest.RequestCacheAwareFilter@35af52dc, org.springframework.security.web.servletapi.SecurityContextHolderAwareRequestFilter@4cef0747, org.springframework.security.web.authentication.AnonymousAuthenticationFilter@1fc5c0b2, org.springframework.security.web.access.ExceptionTranslationFilter@21c99abf, org.springframework.security.web.access.intercept.AuthorizationFilter@1c31de5d]
2025-05-03 16:23:08 [main] INFO  o.s.b.w.e.tomcat.TomcatWebServer - Tomcat started on port 8080 (http) with context path '/api/v1'
2025-05-03 16:23:08 [main] INFO  c.s.portfolio.PortfolioApplication - Started PortfolioApplication in 1.225 seconds (process running for 1.809)
2025-05-03 16:23:12 [http-nio-8080-exec-1] INFO  o.a.c.c.C.[.[localhost].[/api/v1] - Initializing Spring DispatcherServlet 'dispatcherServlet'
2025-05-03 16:23:12 [http-nio-8080-exec-1] INFO  o.s.web.servlet.DispatcherServlet - Initializing Servlet 'dispatcherServlet'
2025-05-03 16:23:12 [http-nio-8080-exec-1] INFO  o.s.web.servlet.DispatcherServlet - Completed initialization in 0 ms
2025-05-03 16:24:47 [main] INFO  c.s.portfolio.PortfolioApplication - Starting PortfolioApplication using Java 21.0.6 with PID 9665 (/Users/muhammedshemeeladmin/cursor/shemeel-portfolio-web/backend/target/classes started by muhammedshemeeladmin in /Users/muhammedshemeeladmin/cursor/shemeel-portfolio-web/backend)
2025-05-03 16:24:47 [main] DEBUG c.s.portfolio.PortfolioApplication - Running with Spring Boot v3.2.4, Spring v6.1.5
2025-05-03 16:24:47 [main] INFO  c.s.portfolio.PortfolioApplication - No active profile set, falling back to 1 default profile: "default"
2025-05-03 16:24:47 [main] INFO  o.s.d.r.c.RepositoryConfigurationDelegate - Bootstrapping Spring Data MongoDB repositories in DEFAULT mode.
2025-05-03 16:24:47 [main] INFO  o.s.d.r.c.RepositoryConfigurationDelegate - Finished Spring Data repository scanning in 18 ms. Found 3 MongoDB repository interfaces.
2025-05-03 16:24:48 [main] INFO  o.s.b.w.e.tomcat.TomcatWebServer - Tomcat initialized with port 8080 (http)
2025-05-03 16:24:48 [main] INFO  o.a.catalina.core.StandardService - Starting service [Tomcat]
2025-05-03 16:24:48 [main] INFO  o.a.catalina.core.StandardEngine - Starting Servlet engine: [Apache Tomcat/10.1.19]
2025-05-03 16:24:48 [main] INFO  o.a.c.c.C.[.[localhost].[/api/v1] - Initializing Spring embedded WebApplicationContext
2025-05-03 16:24:48 [main] INFO  o.s.b.w.s.c.ServletWebServerApplicationContext - Root WebApplicationContext: initialization completed in 503 ms
2025-05-03 16:24:48 [main] INFO  org.mongodb.driver.client - MongoClient with metadata {"application": {"name": "Cluster0"}, "driver": {"name": "mongo-java-driver|sync|spring-boot", "version": "4.11.1"}, "os": {"type": "Darwin", "name": "Mac OS X", "architecture": "aarch64", "version": "15.4.1"}, "platform": "Java/Amazon.com Inc./21.0.6+7-LTS"} created with settings MongoClientSettings{readPreference=primary, writeConcern=WriteConcern{w=majority, wTimeout=null ms, journal=null}, retryWrites=true, retryReads=true, readConcern=ReadConcern{level=null}, credential=MongoCredential{mechanism=null, userName='mshemeel007', source='admin', password=<hidden>, mechanismProperties=<hidden>}, transportSettings=null, streamFactoryFactory=null, commandListeners=[], codecRegistry=ProvidersCodecRegistry{codecProviders=[ValueCodecProvider{}, BsonValueCodecProvider{}, DBRefCodecProvider{}, DBObjectCodecProvider{}, DocumentCodecProvider{}, CollectionCodecProvider{}, IterableCodecProvider{}, MapCodecProvider{}, GeoJsonCodecProvider{}, GridFSFileCodecProvider{}, Jsr310CodecProvider{}, JsonObjectCodecProvider{}, BsonCodecProvider{}, EnumCodecProvider{}, com.mongodb.client.model.mql.ExpressionCodecProvider@1510b9a2, com.mongodb.Jep395RecordCodecProvider@76a6f045, com.mongodb.KotlinCodecProvider@633ddc0c]}, loggerSettings=LoggerSettings{maxDocumentLength=1000}, clusterSettings={hosts=[127.0.0.1:27017], srvHost=cluster0.hzm7yxi.mongodb.net, srvServiceName=mongodb, mode=MULTIPLE, requiredClusterType=REPLICA_SET, requiredReplicaSetName='atlas-qqexig-shard-0', serverSelector='null', clusterListeners='[]', serverSelectionTimeout='30000 ms', localThreshold='15 ms'}, socketSettings=SocketSettings{connectTimeoutMS=10000, readTimeoutMS=0, receiveBufferSize=0, proxySettings=ProxySettings{host=null, port=null, username=null, password=null}}, heartbeatSocketSettings=SocketSettings{connectTimeoutMS=10000, readTimeoutMS=10000, receiveBufferSize=0, proxySettings=ProxySettings{host=null, port=null, username=null, password=null}}, connectionPoolSettings=ConnectionPoolSettings{maxSize=100, minSize=0, maxWaitTimeMS=120000, maxConnectionLifeTimeMS=0, maxConnectionIdleTimeMS=0, maintenanceInitialDelayMS=0, maintenanceFrequencyMS=60000, connectionPoolListeners=[], maxConnecting=2}, serverSettings=ServerSettings{heartbeatFrequencyMS=10000, minHeartbeatFrequencyMS=500, serverListeners='[]', serverMonitorListeners='[]'}, sslSettings=SslSettings{enabled=true, invalidHostNameAllowed=false, context=null}, applicationName='Cluster0', compressorList=[], uuidRepresentation=JAVA_LEGACY, serverApi=null, autoEncryptionSettings=null, dnsClient=null, inetAddressResolver=null, contextProvider=null}
2025-05-03 16:24:48 [cluster-ClusterId{value='68160b10bce9ef09111fe1b9', description='Cluster0'}-srv-cluster0.hzm7yxi.mongodb.net] INFO  org.mongodb.driver.cluster - Adding discovered server ac-emna2ud-shard-00-02.hzm7yxi.mongodb.net:27017 to client view of cluster
2025-05-03 16:24:48 [cluster-ClusterId{value='68160b10bce9ef09111fe1b9', description='Cluster0'}-srv-cluster0.hzm7yxi.mongodb.net] INFO  org.mongodb.driver.cluster - Adding discovered server ac-emna2ud-shard-00-01.hzm7yxi.mongodb.net:27017 to client view of cluster
2025-05-03 16:24:48 [cluster-ClusterId{value='68160b10bce9ef09111fe1b9', description='Cluster0'}-srv-cluster0.hzm7yxi.mongodb.net] INFO  org.mongodb.driver.cluster - Adding discovered server ac-emna2ud-shard-00-00.hzm7yxi.mongodb.net:27017 to client view of cluster
2025-05-03 16:24:48 [main] WARN  o.s.b.a.s.s.UserDetailsServiceAutoConfiguration - 

Using generated security password: 420cd3d7-96d4-4584-af4d-81479c0d51a4

This generated password is for development use only. Your security configuration must be updated before running your application in production.

2025-05-03 16:24:48 [main] INFO  o.s.s.web.DefaultSecurityFilterChain - Will secure any request with [org.springframework.security.web.session.DisableEncodeUrlFilter@3f64d943, org.springframework.security.web.context.request.async.WebAsyncManagerIntegrationFilter@105ffc58, org.springframework.security.web.context.SecurityContextHolderFilter@792e8181, org.springframework.security.web.header.HeaderWriterFilter@1607d391, org.springframework.web.filter.CorsFilter@68454ed5, org.springframework.security.web.authentication.logout.LogoutFilter@12608986, org.springframework.security.web.savedrequest.RequestCacheAwareFilter@7a78d380, org.springframework.security.web.servletapi.SecurityContextHolderAwareRequestFilter@2e1291a4, org.springframework.security.web.authentication.AnonymousAuthenticationFilter@6d2db15b, org.springframework.security.web.access.ExceptionTranslationFilter@3a5ce4b8, org.springframework.security.web.access.intercept.AuthorizationFilter@1a66be41]
2025-05-03 16:24:48 [main] INFO  o.s.b.w.e.tomcat.TomcatWebServer - Tomcat started on port 8080 (http) with context path '/api/v1'
2025-05-03 16:24:48 [main] INFO  c.s.portfolio.PortfolioApplication - Started PortfolioApplication in 1.196 seconds (process running for 1.55)
2025-05-03 16:24:48 [cluster-ClusterId{value='68160b10bce9ef09111fe1b9', description='Cluster0'}-ac-emna2ud-shard-00-01.hzm7yxi.mongodb.net:27017] INFO  org.mongodb.driver.cluster - Monitor thread successfully connected to server with description ServerDescription{address=ac-emna2ud-shard-00-01.hzm7yxi.mongodb.net:27017, type=REPLICA_SET_PRIMARY, state=CONNECTED, ok=true, minWireVersion=0, maxWireVersion=25, maxDocumentSize=16777216, logicalSessionTimeoutMinutes=30, roundTripTimeNanos=353171458, setName='atlas-qqexig-shard-0', canonicalAddress=ac-emna2ud-shard-00-01.hzm7yxi.mongodb.net:27017, hosts=[ac-emna2ud-shard-00-00.hzm7yxi.mongodb.net:27017, ac-emna2ud-shard-00-01.hzm7yxi.mongodb.net:27017, ac-emna2ud-shard-00-02.hzm7yxi.mongodb.net:27017], passives=[], arbiters=[], primary='ac-emna2ud-shard-00-01.hzm7yxi.mongodb.net:27017', tagSet=TagSet{[Tag{name='availabilityZone', value='euc1-az3'}, Tag{name='diskState', value='READY'}, Tag{name='nodeType', value='ELECTABLE'}, Tag{name='provider', value='AWS'}, Tag{name='region', value='EU_CENTRAL_1'}, Tag{name='workloadType', value='OPERATIONAL'}]}, electionId=7fffffff0000000000000312, setVersion=177, topologyVersion=TopologyVersion{processId=6802940100725e76c74287c5, counter=6}, lastWriteDate=Sat May 03 16:24:48 GST 2025, lastUpdateTimeNanos=397051109679000}
2025-05-03 16:24:48 [cluster-ClusterId{value='68160b10bce9ef09111fe1b9', description='Cluster0'}-ac-emna2ud-shard-00-00.hzm7yxi.mongodb.net:27017] INFO  org.mongodb.driver.cluster - Monitor thread successfully connected to server with description ServerDescription{address=ac-emna2ud-shard-00-00.hzm7yxi.mongodb.net:27017, type=REPLICA_SET_SECONDARY, state=CONNECTED, ok=true, minWireVersion=0, maxWireVersion=25, maxDocumentSize=16777216, logicalSessionTimeoutMinutes=30, roundTripTimeNanos=353050125, setName='atlas-qqexig-shard-0', canonicalAddress=ac-emna2ud-shard-00-00.hzm7yxi.mongodb.net:27017, hosts=[ac-emna2ud-shard-00-00.hzm7yxi.mongodb.net:27017, ac-emna2ud-shard-00-01.hzm7yxi.mongodb.net:27017, ac-emna2ud-shard-00-02.hzm7yxi.mongodb.net:27017], passives=[], arbiters=[], primary='ac-emna2ud-shard-00-01.hzm7yxi.mongodb.net:27017', tagSet=TagSet{[Tag{name='availabilityZone', value='euc1-az2'}, Tag{name='diskState', value='READY'}, Tag{name='nodeType', value='ELECTABLE'}, Tag{name='provider', value='AWS'}, Tag{name='region', value='EU_CENTRAL_1'}, Tag{name='workloadType', value='OPERATIONAL'}]}, electionId=null, setVersion=177, topologyVersion=TopologyVersion{processId=680293b8f74b95209a0ecdfb, counter=4}, lastWriteDate=Sat May 03 16:24:48 GST 2025, lastUpdateTimeNanos=397051109563583}
2025-05-03 16:24:48 [cluster-ClusterId{value='68160b10bce9ef09111fe1b9', description='Cluster0'}-ac-emna2ud-shard-00-02.hzm7yxi.mongodb.net:27017] INFO  org.mongodb.driver.cluster - Monitor thread successfully connected to server with description ServerDescription{address=ac-emna2ud-shard-00-02.hzm7yxi.mongodb.net:27017, type=REPLICA_SET_SECONDARY, state=CONNECTED, ok=true, minWireVersion=0, maxWireVersion=25, maxDocumentSize=16777216, logicalSessionTimeoutMinutes=30, roundTripTimeNanos=343405958, setName='atlas-qqexig-shard-0', canonicalAddress=ac-emna2ud-shard-00-02.hzm7yxi.mongodb.net:27017, hosts=[ac-emna2ud-shard-00-00.hzm7yxi.mongodb.net:27017, ac-emna2ud-shard-00-01.hzm7yxi.mongodb.net:27017, ac-emna2ud-shard-00-02.hzm7yxi.mongodb.net:27017], passives=[], arbiters=[], primary='ac-emna2ud-shard-00-01.hzm7yxi.mongodb.net:27017', tagSet=TagSet{[Tag{name='availabilityZone', value='euc1-az1'}, Tag{name='diskState', value='READY'}, Tag{name='nodeType', value='ELECTABLE'}, Tag{name='provider', value='AWS'}, Tag{name='region', value='EU_CENTRAL_1'}, Tag{name='workloadType', value='OPERATIONAL'}]}, electionId=null, setVersion=177, topologyVersion=TopologyVersion{processId=6802944cfad2634e2af1326b, counter=3}, lastWriteDate=Sat May 03 16:24:48 GST 2025, lastUpdateTimeNanos=397051109688958}
2025-05-03 16:24:48 [cluster-ClusterId{value='68160b10bce9ef09111fe1b9', description='Cluster0'}-ac-emna2ud-shard-00-01.hzm7yxi.mongodb.net:27017] INFO  org.mongodb.driver.cluster - Discovered replica set primary ac-emna2ud-shard-00-01.hzm7yxi.mongodb.net:27017 with max election id 7fffffff0000000000000312 and max set version 177
2025-05-03 16:24:54 [http-nio-8080-exec-1] INFO  o.a.c.c.C.[.[localhost].[/api/v1] - Initializing Spring DispatcherServlet 'dispatcherServlet'
2025-05-03 16:24:54 [http-nio-8080-exec-1] INFO  o.s.web.servlet.DispatcherServlet - Initializing Servlet 'dispatcherServlet'
2025-05-03 16:24:54 [http-nio-8080-exec-1] INFO  o.s.web.servlet.DispatcherServlet - Completed initialization in 0 ms
2025-05-03 16:28:06 [main] INFO  c.s.portfolio.PortfolioApplication - Starting PortfolioApplication using Java 21.0.6 with PID 10526 (/Users/muhammedshemeeladmin/cursor/shemeel-portfolio-web/backend/target/classes started by muhammedshemeeladmin in /Users/muhammedshemeeladmin/cursor/shemeel-portfolio-web/backend)
2025-05-03 16:28:06 [main] DEBUG c.s.portfolio.PortfolioApplication - Running with Spring Boot v3.2.4, Spring v6.1.5
2025-05-03 16:28:06 [main] INFO  c.s.portfolio.PortfolioApplication - No active profile set, falling back to 1 default profile: "default"
2025-05-03 16:28:07 [main] INFO  o.s.d.r.c.RepositoryConfigurationDelegate - Bootstrapping Spring Data MongoDB repositories in DEFAULT mode.
2025-05-03 16:28:07 [main] INFO  o.s.d.r.c.RepositoryConfigurationDelegate - Finished Spring Data repository scanning in 19 ms. Found 3 MongoDB repository interfaces.
2025-05-03 16:28:07 [main] INFO  o.s.b.w.e.tomcat.TomcatWebServer - Tomcat initialized with port 8080 (http)
2025-05-03 16:28:07 [main] INFO  o.a.catalina.core.StandardService - Starting service [Tomcat]
2025-05-03 16:28:07 [main] INFO  o.a.catalina.core.StandardEngine - Starting Servlet engine: [Apache Tomcat/10.1.19]
2025-05-03 16:28:07 [main] INFO  o.a.c.c.C.[.[localhost].[/api/v1] - Initializing Spring embedded WebApplicationContext
2025-05-03 16:28:07 [main] INFO  o.s.b.w.s.c.ServletWebServerApplicationContext - Root WebApplicationContext: initialization completed in 500 ms
2025-05-03 16:28:07 [main] INFO  org.mongodb.driver.client - MongoClient with metadata {"application": {"name": "Cluster0"}, "driver": {"name": "mongo-java-driver|sync|spring-boot", "version": "4.11.1"}, "os": {"type": "Darwin", "name": "Mac OS X", "architecture": "aarch64", "version": "15.4.1"}, "platform": "Java/Amazon.com Inc./21.0.6+7-LTS"} created with settings MongoClientSettings{readPreference=primary, writeConcern=WriteConcern{w=majority, wTimeout=null ms, journal=null}, retryWrites=true, retryReads=true, readConcern=ReadConcern{level=null}, credential=MongoCredential{mechanism=null, userName='mshemeel007', source='admin', password=<hidden>, mechanismProperties=<hidden>}, transportSettings=null, streamFactoryFactory=null, commandListeners=[], codecRegistry=ProvidersCodecRegistry{codecProviders=[ValueCodecProvider{}, BsonValueCodecProvider{}, DBRefCodecProvider{}, DBObjectCodecProvider{}, DocumentCodecProvider{}, CollectionCodecProvider{}, IterableCodecProvider{}, MapCodecProvider{}, GeoJsonCodecProvider{}, GridFSFileCodecProvider{}, Jsr310CodecProvider{}, JsonObjectCodecProvider{}, BsonCodecProvider{}, EnumCodecProvider{}, com.mongodb.client.model.mql.ExpressionCodecProvider@12567179, com.mongodb.Jep395RecordCodecProvider@37d699a1, com.mongodb.KotlinCodecProvider@7f42b194]}, loggerSettings=LoggerSettings{maxDocumentLength=1000}, clusterSettings={hosts=[127.0.0.1:27017], srvHost=cluster0.hzm7yxi.mongodb.net, srvServiceName=mongodb, mode=MULTIPLE, requiredClusterType=REPLICA_SET, requiredReplicaSetName='atlas-qqexig-shard-0', serverSelector='null', clusterListeners='[]', serverSelectionTimeout='30000 ms', localThreshold='15 ms'}, socketSettings=SocketSettings{connectTimeoutMS=10000, readTimeoutMS=0, receiveBufferSize=0, proxySettings=ProxySettings{host=null, port=null, username=null, password=null}}, heartbeatSocketSettings=SocketSettings{connectTimeoutMS=10000, readTimeoutMS=10000, receiveBufferSize=0, proxySettings=ProxySettings{host=null, port=null, username=null, password=null}}, connectionPoolSettings=ConnectionPoolSettings{maxSize=100, minSize=0, maxWaitTimeMS=120000, maxConnectionLifeTimeMS=0, maxConnectionIdleTimeMS=0, maintenanceInitialDelayMS=0, maintenanceFrequencyMS=60000, connectionPoolListeners=[], maxConnecting=2}, serverSettings=ServerSettings{heartbeatFrequencyMS=10000, minHeartbeatFrequencyMS=500, serverListeners='[]', serverMonitorListeners='[]'}, sslSettings=SslSettings{enabled=true, invalidHostNameAllowed=false, context=null}, applicationName='Cluster0', compressorList=[], uuidRepresentation=JAVA_LEGACY, serverApi=null, autoEncryptionSettings=null, dnsClient=null, inetAddressResolver=null, contextProvider=null}
2025-05-03 16:28:07 [cluster-ClusterId{value='68160bd719137344ecb4fe89', description='Cluster0'}-srv-cluster0.hzm7yxi.mongodb.net] INFO  org.mongodb.driver.cluster - Adding discovered server ac-emna2ud-shard-00-02.hzm7yxi.mongodb.net:27017 to client view of cluster
2025-05-03 16:28:07 [cluster-ClusterId{value='68160bd719137344ecb4fe89', description='Cluster0'}-srv-cluster0.hzm7yxi.mongodb.net] INFO  org.mongodb.driver.cluster - Adding discovered server ac-emna2ud-shard-00-01.hzm7yxi.mongodb.net:27017 to client view of cluster
2025-05-03 16:28:07 [cluster-ClusterId{value='68160bd719137344ecb4fe89', description='Cluster0'}-srv-cluster0.hzm7yxi.mongodb.net] INFO  org.mongodb.driver.cluster - Adding discovered server ac-emna2ud-shard-00-00.hzm7yxi.mongodb.net:27017 to client view of cluster
2025-05-03 16:28:07 [main] WARN  o.s.b.a.s.s.UserDetailsServiceAutoConfiguration - 

Using generated security password: 3c07b91b-caa1-4f37-bd78-c0b54582795b

This generated password is for development use only. Your security configuration must be updated before running your application in production.

2025-05-03 16:28:07 [main] INFO  o.s.s.web.DefaultSecurityFilterChain - Will secure any request with [org.springframework.security.web.session.DisableEncodeUrlFilter@6f4adaab, org.springframework.security.web.context.request.async.WebAsyncManagerIntegrationFilter@69de72ec, org.springframework.security.web.context.SecurityContextHolderFilter@30e2016a, org.springframework.security.web.header.HeaderWriterFilter@4882b9a, org.springframework.web.filter.CorsFilter@21c99abf, org.springframework.security.web.authentication.logout.LogoutFilter@6c1b82cd, org.springframework.security.web.savedrequest.RequestCacheAwareFilter@23a78c77, org.springframework.security.web.servletapi.SecurityContextHolderAwareRequestFilter@4119346d, org.springframework.security.web.authentication.AnonymousAuthenticationFilter@6d6f6ca9, org.springframework.security.web.access.ExceptionTranslationFilter@4e52d2f2, org.springframework.security.web.access.intercept.AuthorizationFilter@75ee6f89]
2025-05-03 16:28:08 [main] INFO  o.s.b.w.e.tomcat.TomcatWebServer - Tomcat started on port 8080 (http) with context path '/api/v1'
2025-05-03 16:28:08 [main] INFO  c.s.portfolio.PortfolioApplication - Started PortfolioApplication in 1.23 seconds (process running for 1.505)
2025-05-03 16:28:08 [cluster-ClusterId{value='68160bd719137344ecb4fe89', description='Cluster0'}-ac-emna2ud-shard-00-00.hzm7yxi.mongodb.net:27017] INFO  org.mongodb.driver.cluster - Monitor thread successfully connected to server with description ServerDescription{address=ac-emna2ud-shard-00-00.hzm7yxi.mongodb.net:27017, type=REPLICA_SET_SECONDARY, state=CONNECTED, ok=true, minWireVersion=0, maxWireVersion=25, maxDocumentSize=16777216, logicalSessionTimeoutMinutes=30, roundTripTimeNanos=355032625, setName='atlas-qqexig-shard-0', canonicalAddress=ac-emna2ud-shard-00-00.hzm7yxi.mongodb.net:27017, hosts=[ac-emna2ud-shard-00-00.hzm7yxi.mongodb.net:27017, ac-emna2ud-shard-00-01.hzm7yxi.mongodb.net:27017, ac-emna2ud-shard-00-02.hzm7yxi.mongodb.net:27017], passives=[], arbiters=[], primary='ac-emna2ud-shard-00-01.hzm7yxi.mongodb.net:27017', tagSet=TagSet{[Tag{name='availabilityZone', value='euc1-az2'}, Tag{name='diskState', value='READY'}, Tag{name='nodeType', value='ELECTABLE'}, Tag{name='provider', value='AWS'}, Tag{name='region', value='EU_CENTRAL_1'}, Tag{name='workloadType', value='OPERATIONAL'}]}, electionId=null, setVersion=177, topologyVersion=TopologyVersion{processId=680293b8f74b95209a0ecdfb, counter=4}, lastWriteDate=Sat May 03 16:28:08 GST 2025, lastUpdateTimeNanos=397250501016000}
2025-05-03 16:28:08 [cluster-ClusterId{value='68160bd719137344ecb4fe89', description='Cluster0'}-ac-emna2ud-shard-00-02.hzm7yxi.mongodb.net:27017] INFO  org.mongodb.driver.cluster - Monitor thread successfully connected to server with description ServerDescription{address=ac-emna2ud-shard-00-02.hzm7yxi.mongodb.net:27017, type=REPLICA_SET_SECONDARY, state=CONNECTED, ok=true, minWireVersion=0, maxWireVersion=25, maxDocumentSize=16777216, logicalSessionTimeoutMinutes=30, roundTripTimeNanos=356617708, setName='atlas-qqexig-shard-0', canonicalAddress=ac-emna2ud-shard-00-02.hzm7yxi.mongodb.net:27017, hosts=[ac-emna2ud-shard-00-00.hzm7yxi.mongodb.net:27017, ac-emna2ud-shard-00-01.hzm7yxi.mongodb.net:27017, ac-emna2ud-shard-00-02.hzm7yxi.mongodb.net:27017], passives=[], arbiters=[], primary='ac-emna2ud-shard-00-01.hzm7yxi.mongodb.net:27017', tagSet=TagSet{[Tag{name='availabilityZone', value='euc1-az1'}, Tag{name='diskState', value='READY'}, Tag{name='nodeType', value='ELECTABLE'}, Tag{name='provider', value='AWS'}, Tag{name='region', value='EU_CENTRAL_1'}, Tag{name='workloadType', value='OPERATIONAL'}]}, electionId=null, setVersion=177, topologyVersion=TopologyVersion{processId=6802944cfad2634e2af1326b, counter=3}, lastWriteDate=Sat May 03 16:28:08 GST 2025, lastUpdateTimeNanos=397250501052583}
2025-05-03 16:28:08 [cluster-ClusterId{value='68160bd719137344ecb4fe89', description='Cluster0'}-ac-emna2ud-shard-00-01.hzm7yxi.mongodb.net:27017] INFO  org.mongodb.driver.cluster - Monitor thread successfully connected to server with description ServerDescription{address=ac-emna2ud-shard-00-01.hzm7yxi.mongodb.net:27017, type=REPLICA_SET_PRIMARY, state=CONNECTED, ok=true, minWireVersion=0, maxWireVersion=25, maxDocumentSize=16777216, logicalSessionTimeoutMinutes=30, roundTripTimeNanos=356661125, setName='atlas-qqexig-shard-0', canonicalAddress=ac-emna2ud-shard-00-01.hzm7yxi.mongodb.net:27017, hosts=[ac-emna2ud-shard-00-00.hzm7yxi.mongodb.net:27017, ac-emna2ud-shard-00-01.hzm7yxi.mongodb.net:27017, ac-emna2ud-shard-00-02.hzm7yxi.mongodb.net:27017], passives=[], arbiters=[], primary='ac-emna2ud-shard-00-01.hzm7yxi.mongodb.net:27017', tagSet=TagSet{[Tag{name='availabilityZone', value='euc1-az3'}, Tag{name='diskState', value='READY'}, Tag{name='nodeType', value='ELECTABLE'}, Tag{name='provider', value='AWS'}, Tag{name='region', value='EU_CENTRAL_1'}, Tag{name='workloadType', value='OPERATIONAL'}]}, electionId=7fffffff0000000000000312, setVersion=177, topologyVersion=TopologyVersion{processId=6802940100725e76c74287c5, counter=6}, lastWriteDate=Sat May 03 16:28:08 GST 2025, lastUpdateTimeNanos=397250501016000}
2025-05-03 16:28:08 [cluster-ClusterId{value='68160bd719137344ecb4fe89', description='Cluster0'}-ac-emna2ud-shard-00-01.hzm7yxi.mongodb.net:27017] INFO  org.mongodb.driver.cluster - Discovered replica set primary ac-emna2ud-shard-00-01.hzm7yxi.mongodb.net:27017 with max election id 7fffffff0000000000000312 and max set version 177
2025-05-03 16:28:17 [http-nio-8080-exec-1] INFO  o.a.c.c.C.[.[localhost].[/api/v1] - Initializing Spring DispatcherServlet 'dispatcherServlet'
2025-05-03 16:28:17 [http-nio-8080-exec-1] INFO  o.s.web.servlet.DispatcherServlet - Initializing Servlet 'dispatcherServlet'
2025-05-03 16:28:17 [http-nio-8080-exec-1] INFO  o.s.web.servlet.DispatcherServlet - Completed initialization in 1 ms
2025-05-03 16:28:17 [http-nio-8080-exec-8] INFO  o.s.api.AbstractOpenApiResource - Init duration for springdoc-openapi is: 116 ms
2025-05-03 16:46:13 [main] INFO  c.s.portfolio.PortfolioApplication - Starting PortfolioApplication using Java 21.0.6 with PID 15630 (/Users/muhammedshemeeladmin/cursor/shemeel-portfolio-web/backend/target/classes started by muhammedshemeeladmin in /Users/muhammedshemeeladmin/cursor/shemeel-portfolio-web/backend)
2025-05-03 16:46:13 [main] DEBUG c.s.portfolio.PortfolioApplication - Running with Spring Boot v3.2.4, Spring v6.1.5
2025-05-03 16:46:13 [main] INFO  c.s.portfolio.PortfolioApplication - No active profile set, falling back to 1 default profile: "default"
2025-05-03 16:46:14 [main] INFO  o.s.d.r.c.RepositoryConfigurationDelegate - Bootstrapping Spring Data MongoDB repositories in DEFAULT mode.
2025-05-03 16:46:14 [main] INFO  o.s.d.r.c.RepositoryConfigurationDelegate - Finished Spring Data repository scanning in 20 ms. Found 5 MongoDB repository interfaces.
2025-05-03 16:46:14 [main] INFO  o.s.b.w.e.tomcat.TomcatWebServer - Tomcat initialized with port 8080 (http)
2025-05-03 16:46:14 [main] INFO  o.a.catalina.core.StandardService - Starting service [Tomcat]
2025-05-03 16:46:14 [main] INFO  o.a.catalina.core.StandardEngine - Starting Servlet engine: [Apache Tomcat/10.1.19]
2025-05-03 16:46:14 [main] INFO  o.a.c.c.C.[.[localhost].[/api/v1] - Initializing Spring embedded WebApplicationContext
2025-05-03 16:46:14 [main] INFO  o.s.b.w.s.c.ServletWebServerApplicationContext - Root WebApplicationContext: initialization completed in 525 ms
2025-05-03 16:46:14 [main] INFO  org.mongodb.driver.client - MongoClient with metadata {"driver": {"name": "mongo-java-driver|sync|spring-boot", "version": "4.11.1"}, "os": {"type": "Darwin", "name": "Mac OS X", "architecture": "aarch64", "version": "15.4.1"}, "platform": "Java/Amazon.com Inc./21.0.6+7-LTS"} created with settings MongoClientSettings{readPreference=primary, writeConcern=WriteConcern{w=null, wTimeout=null ms, journal=null}, retryWrites=true, retryReads=true, readConcern=ReadConcern{level=null}, credential=null, transportSettings=null, streamFactoryFactory=null, commandListeners=[], codecRegistry=ProvidersCodecRegistry{codecProviders=[ValueCodecProvider{}, BsonValueCodecProvider{}, DBRefCodecProvider{}, DBObjectCodecProvider{}, DocumentCodecProvider{}, CollectionCodecProvider{}, IterableCodecProvider{}, MapCodecProvider{}, GeoJsonCodecProvider{}, GridFSFileCodecProvider{}, Jsr310CodecProvider{}, JsonObjectCodecProvider{}, BsonCodecProvider{}, EnumCodecProvider{}, com.mongodb.client.model.mql.ExpressionCodecProvider@4e67cfe1, com.mongodb.Jep395RecordCodecProvider@55bf35e5, com.mongodb.KotlinCodecProvider@25567581]}, loggerSettings=LoggerSettings{maxDocumentLength=1000}, clusterSettings={hosts=[localhost:27017], srvServiceName=mongodb, mode=SINGLE, requiredClusterType=UNKNOWN, requiredReplicaSetName='null', serverSelector='null', clusterListeners='[]', serverSelectionTimeout='30000 ms', localThreshold='15 ms'}, socketSettings=SocketSettings{connectTimeoutMS=10000, readTimeoutMS=0, receiveBufferSize=0, proxySettings=ProxySettings{host=null, port=null, username=null, password=null}}, heartbeatSocketSettings=SocketSettings{connectTimeoutMS=10000, readTimeoutMS=10000, receiveBufferSize=0, proxySettings=ProxySettings{host=null, port=null, username=null, password=null}}, connectionPoolSettings=ConnectionPoolSettings{maxSize=100, minSize=0, maxWaitTimeMS=120000, maxConnectionLifeTimeMS=0, maxConnectionIdleTimeMS=0, maintenanceInitialDelayMS=0, maintenanceFrequencyMS=60000, connectionPoolListeners=[], maxConnecting=2}, serverSettings=ServerSettings{heartbeatFrequencyMS=10000, minHeartbeatFrequencyMS=500, serverListeners='[]', serverMonitorListeners='[]'}, sslSettings=SslSettings{enabled=false, invalidHostNameAllowed=false, context=null}, applicationName='null', compressorList=[], uuidRepresentation=JAVA_LEGACY, serverApi=null, autoEncryptionSettings=null, dnsClient=null, inetAddressResolver=null, contextProvider=null}
2025-05-03 16:46:14 [cluster-ClusterId{value='681610163574220430e6c4f7', description='null'}-localhost:27017] INFO  org.mongodb.driver.cluster - Monitor thread successfully connected to server with description ServerDescription{address=localhost:27017, type=STANDALONE, state=CONNECTED, ok=true, minWireVersion=0, maxWireVersion=25, maxDocumentSize=16777216, logicalSessionTimeoutMinutes=30, roundTripTimeNanos=9416834}
2025-05-03 16:46:14 [main] ERROR o.s.b.w.e.tomcat.TomcatStarter - Error starting Tomcat context. Exception: org.springframework.beans.factory.UnsatisfiedDependencyException. Message: Error creating bean with name 'jwtAuthenticationFilter' defined in file [/Users/muhammedshemeeladmin/cursor/shemeel-portfolio-web/backend/target/classes/com/shemeel/portfolio/config/JwtAuthenticationFilter.class]: Unsatisfied dependency expressed through constructor parameter 0: Error creating bean with name 'jwtConfig': Injection of autowired dependencies failed
2025-05-03 16:46:14 [main] INFO  o.a.catalina.core.StandardService - Stopping service [Tomcat]
2025-05-03 16:46:14 [main] WARN  o.a.c.loader.WebappClassLoaderBase - The web application [api#v1] appears to have started a thread named [BufferPoolPruner-1-thread-1] but has failed to stop it. This is very likely to create a memory leak. Stack trace of thread:
 java.base/jdk.internal.misc.Unsafe.park(Native Method)
 java.base/java.util.concurrent.locks.LockSupport.parkNanos(LockSupport.java:269)
 java.base/java.util.concurrent.locks.AbstractQueuedSynchronizer$ConditionObject.awaitNanos(AbstractQueuedSynchronizer.java:1763)
 java.base/java.util.concurrent.ScheduledThreadPoolExecutor$DelayedWorkQueue.take(ScheduledThreadPoolExecutor.java:1182)
 java.base/java.util.concurrent.ScheduledThreadPoolExecutor$DelayedWorkQueue.take(ScheduledThreadPoolExecutor.java:899)
 java.base/java.util.concurrent.ThreadPoolExecutor.getTask(ThreadPoolExecutor.java:1070)
 java.base/java.util.concurrent.ThreadPoolExecutor.runWorker(ThreadPoolExecutor.java:1130)
 java.base/java.util.concurrent.ThreadPoolExecutor$Worker.run(ThreadPoolExecutor.java:642)
 java.base/java.lang.Thread.run(Thread.java:1583)
2025-05-03 16:46:14 [main] WARN  o.a.c.loader.WebappClassLoaderBase - The web application [api#v1] appears to have started a thread named [cluster-ClusterId{value='681610163574220430e6c4f7', description='null'}-localhost:27017] but has failed to stop it. This is very likely to create a memory leak. Stack trace of thread:
 java.base/sun.nio.ch.Net.poll(Native Method)
 java.base/sun.nio.ch.NioSocketImpl.park(NioSocketImpl.java:191)
 java.base/sun.nio.ch.NioSocketImpl.timedRead(NioSocketImpl.java:280)
 java.base/sun.nio.ch.NioSocketImpl.implRead(NioSocketImpl.java:304)
 java.base/sun.nio.ch.NioSocketImpl.read(NioSocketImpl.java:346)
 java.base/sun.nio.ch.NioSocketImpl$1.read(NioSocketImpl.java:796)
 java.base/java.net.Socket$SocketInputStream.read(Socket.java:1099)
 com.mongodb.internal.connection.SocketStream.read(SocketStream.java:175)
 com.mongodb.internal.connection.SocketStream.read(SocketStream.java:200)
 com.mongodb.internal.connection.InternalStreamConnection.receiveResponseBuffers(InternalStreamConnection.java:739)
 com.mongodb.internal.connection.InternalStreamConnection.receiveMessageWithAdditionalTimeout(InternalStreamConnection.java:603)
 com.mongodb.internal.connection.InternalStreamConnection.receiveCommandMessageResponse(InternalStreamConnection.java:451)
 com.mongodb.internal.connection.InternalStreamConnection.receive(InternalStreamConnection.java:404)
 com.mongodb.internal.connection.DefaultServerMonitor$ServerMonitorRunnable.lookupServerDescription(DefaultServerMonitor.java:224)
 com.mongodb.internal.connection.DefaultServerMonitor$ServerMonitorRunnable.run(DefaultServerMonitor.java:156)
 java.base/java.lang.Thread.run(Thread.java:1583)
2025-05-03 16:46:14 [main] WARN  o.a.c.loader.WebappClassLoaderBase - The web application [api#v1] appears to have started a thread named [cluster-rtt-ClusterId{value='681610163574220430e6c4f7', description='null'}-localhost:27017] but has failed to stop it. This is very likely to create a memory leak. Stack trace of thread:
 java.base/java.lang.Thread.sleep0(Native Method)
 java.base/java.lang.Thread.sleep(Thread.java:509)
 com.mongodb.internal.connection.DefaultServerMonitor.waitForNext(DefaultServerMonitor.java:442)
 com.mongodb.internal.connection.DefaultServerMonitor.access$1500(DefaultServerMonitor.java:68)
 com.mongodb.internal.connection.DefaultServerMonitor$RoundTripTimeRunnable.run(DefaultServerMonitor.java:413)
 java.base/java.lang.Thread.run(Thread.java:1583)
2025-05-03 16:46:14 [main] WARN  o.a.c.loader.WebappClassLoaderBase - The web application [api#v1] appears to have started a thread named [MaintenanceTimer-2-thread-1] but has failed to stop it. This is very likely to create a memory leak. Stack trace of thread:
 java.base/jdk.internal.misc.Unsafe.park(Native Method)
 java.base/java.util.concurrent.locks.LockSupport.parkNanos(LockSupport.java:269)
 java.base/java.util.concurrent.locks.AbstractQueuedSynchronizer$ConditionObject.awaitNanos(AbstractQueuedSynchronizer.java:1763)
 java.base/java.util.concurrent.ScheduledThreadPoolExecutor$DelayedWorkQueue.take(ScheduledThreadPoolExecutor.java:1182)
 java.base/java.util.concurrent.ScheduledThreadPoolExecutor$DelayedWorkQueue.take(ScheduledThreadPoolExecutor.java:899)
 java.base/java.util.concurrent.ThreadPoolExecutor.getTask(ThreadPoolExecutor.java:1070)
 java.base/java.util.concurrent.ThreadPoolExecutor.runWorker(ThreadPoolExecutor.java:1130)
 java.base/java.util.concurrent.ThreadPoolExecutor$Worker.run(ThreadPoolExecutor.java:642)
 java.base/java.lang.Thread.run(Thread.java:1583)
2025-05-03 16:46:14 [main] WARN  o.s.b.w.s.c.AnnotationConfigServletWebServerApplicationContext - Exception encountered during context initialization - cancelling refresh attempt: org.springframework.context.ApplicationContextException: Unable to start web server
2025-05-03 16:46:14 [main] INFO  o.s.b.a.l.ConditionEvaluationReportLogger - 

Error starting ApplicationContext. To display the condition evaluation report re-run your application with 'debug' enabled.
2025-05-03 16:46:14 [main] ERROR o.s.boot.SpringApplication - Application run failed
org.springframework.context.ApplicationContextException: Unable to start web server
	at org.springframework.boot.web.servlet.context.ServletWebServerApplicationContext.onRefresh(ServletWebServerApplicationContext.java:165)
	at org.springframework.context.support.AbstractApplicationContext.refresh(AbstractApplicationContext.java:618)
	at org.springframework.boot.web.servlet.context.ServletWebServerApplicationContext.refresh(ServletWebServerApplicationContext.java:146)
	at org.springframework.boot.SpringApplication.refresh(SpringApplication.java:754)
	at org.springframework.boot.SpringApplication.refreshContext(SpringApplication.java:456)
	at org.springframework.boot.SpringApplication.run(SpringApplication.java:334)
	at org.springframework.boot.SpringApplication.run(SpringApplication.java:1354)
	at org.springframework.boot.SpringApplication.run(SpringApplication.java:1343)
	at com.shemeel.portfolio.PortfolioApplication.main(PortfolioApplication.java:17)
Caused by: org.springframework.boot.web.server.WebServerException: Unable to start embedded Tomcat
	at org.springframework.boot.web.embedded.tomcat.TomcatWebServer.initialize(TomcatWebServer.java:145)
	at org.springframework.boot.web.embedded.tomcat.TomcatWebServer.<init>(TomcatWebServer.java:105)
	at org.springframework.boot.web.embedded.tomcat.TomcatServletWebServerFactory.getTomcatWebServer(TomcatServletWebServerFactory.java:499)
	at org.springframework.boot.web.embedded.tomcat.TomcatServletWebServerFactory.getWebServer(TomcatServletWebServerFactory.java:218)
	at org.springframework.boot.web.servlet.context.ServletWebServerApplicationContext.createWebServer(ServletWebServerApplicationContext.java:188)
	at org.springframework.boot.web.servlet.context.ServletWebServerApplicationContext.onRefresh(ServletWebServerApplicationContext.java:162)
	... 8 common frames omitted
Caused by: org.springframework.beans.factory.UnsatisfiedDependencyException: Error creating bean with name 'jwtAuthenticationFilter' defined in file [/Users/muhammedshemeeladmin/cursor/shemeel-portfolio-web/backend/target/classes/com/shemeel/portfolio/config/JwtAuthenticationFilter.class]: Unsatisfied dependency expressed through constructor parameter 0: Error creating bean with name 'jwtConfig': Injection of autowired dependencies failed
	at org.springframework.beans.factory.support.ConstructorResolver.createArgumentArray(ConstructorResolver.java:795)
	at org.springframework.beans.factory.support.ConstructorResolver.autowireConstructor(ConstructorResolver.java:237)
	at org.springframework.beans.factory.support.AbstractAutowireCapableBeanFactory.autowireConstructor(AbstractAutowireCapableBeanFactory.java:1355)
	at org.springframework.beans.factory.support.AbstractAutowireCapableBeanFactory.createBeanInstance(AbstractAutowireCapableBeanFactory.java:1192)
	at org.springframework.beans.factory.support.AbstractAutowireCapableBeanFactory.doCreateBean(AbstractAutowireCapableBeanFactory.java:562)
	at org.springframework.beans.factory.support.AbstractAutowireCapableBeanFactory.createBean(AbstractAutowireCapableBeanFactory.java:522)
	at org.springframework.beans.factory.support.AbstractBeanFactory.lambda$doGetBean$0(AbstractBeanFactory.java:326)
	at org.springframework.beans.factory.support.DefaultSingletonBeanRegistry.getSingleton(DefaultSingletonBeanRegistry.java:234)
	at org.springframework.beans.factory.support.AbstractBeanFactory.doGetBean(AbstractBeanFactory.java:324)
	at org.springframework.beans.factory.support.AbstractBeanFactory.getBean(AbstractBeanFactory.java:205)
	at org.springframework.boot.web.servlet.ServletContextInitializerBeans.getOrderedBeansOfType(ServletContextInitializerBeans.java:210)
	at org.springframework.boot.web.servlet.ServletContextInitializerBeans.addAsRegistrationBean(ServletContextInitializerBeans.java:173)
	at org.springframework.boot.web.servlet.ServletContextInitializerBeans.addAsRegistrationBean(ServletContextInitializerBeans.java:168)
	at org.springframework.boot.web.servlet.ServletContextInitializerBeans.addAdaptableBeans(ServletContextInitializerBeans.java:153)
	at org.springframework.boot.web.servlet.ServletContextInitializerBeans.<init>(ServletContextInitializerBeans.java:86)
	at org.springframework.boot.web.servlet.context.ServletWebServerApplicationContext.getServletContextInitializerBeans(ServletWebServerApplicationContext.java:266)
	at org.springframework.boot.web.servlet.context.ServletWebServerApplicationContext.selfInitialize(ServletWebServerApplicationContext.java:240)
	at org.springframework.boot.web.embedded.tomcat.TomcatStarter.onStartup(TomcatStarter.java:52)
	at org.apache.catalina.core.StandardContext.startInternal(StandardContext.java:4866)
	at org.apache.catalina.util.LifecycleBase.start(LifecycleBase.java:171)
	at org.apache.catalina.core.ContainerBase$StartChild.call(ContainerBase.java:1332)
	at org.apache.catalina.core.ContainerBase$StartChild.call(ContainerBase.java:1322)
	at java.base/java.util.concurrent.FutureTask.run$$$capture(FutureTask.java:317)
	at java.base/java.util.concurrent.FutureTask.run(FutureTask.java)
	at org.apache.tomcat.util.threads.InlineExecutorService.execute(InlineExecutorService.java:75)
	at java.base/java.util.concurrent.AbstractExecutorService.submit(AbstractExecutorService.java:145)
	at org.apache.catalina.core.ContainerBase.startInternal(ContainerBase.java:866)
	at org.apache.catalina.core.StandardHost.startInternal(StandardHost.java:845)
	at org.apache.catalina.util.LifecycleBase.start(LifecycleBase.java:171)
	at org.apache.catalina.core.ContainerBase$StartChild.call(ContainerBase.java:1332)
	at org.apache.catalina.core.ContainerBase$StartChild.call(ContainerBase.java:1322)
	at java.base/java.util.concurrent.FutureTask.run$$$capture(FutureTask.java:317)
	at java.base/java.util.concurrent.FutureTask.run(FutureTask.java)
	at org.apache.tomcat.util.threads.InlineExecutorService.execute(InlineExecutorService.java:75)
	at java.base/java.util.concurrent.AbstractExecutorService.submit(AbstractExecutorService.java:145)
	at org.apache.catalina.core.ContainerBase.startInternal(ContainerBase.java:866)
	at org.apache.catalina.core.StandardEngine.startInternal(StandardEngine.java:240)
	at org.apache.catalina.util.LifecycleBase.start(LifecycleBase.java:171)
	at org.apache.catalina.core.StandardService.startInternal(StandardService.java:433)
	at org.apache.catalina.util.LifecycleBase.start(LifecycleBase.java:171)
	at org.apache.catalina.core.StandardServer.startInternal(StandardServer.java:921)
	at org.apache.catalina.util.LifecycleBase.start(LifecycleBase.java:171)
	at org.apache.catalina.startup.Tomcat.start(Tomcat.java:437)
	at org.springframework.boot.web.embedded.tomcat.TomcatWebServer.initialize(TomcatWebServer.java:126)
	... 13 common frames omitted
Caused by: org.springframework.beans.factory.BeanCreationException: Error creating bean with name 'jwtConfig': Injection of autowired dependencies failed
	at org.springframework.beans.factory.annotation.AutowiredAnnotationBeanPostProcessor.postProcessProperties(AutowiredAnnotationBeanPostProcessor.java:514)
	at org.springframework.beans.factory.support.AbstractAutowireCapableBeanFactory.populateBean(AbstractAutowireCapableBeanFactory.java:1419)
	at org.springframework.beans.factory.support.AbstractAutowireCapableBeanFactory.doCreateBean(AbstractAutowireCapableBeanFactory.java:599)
	at org.springframework.beans.factory.support.AbstractAutowireCapableBeanFactory.createBean(AbstractAutowireCapableBeanFactory.java:522)
	at org.springframework.beans.factory.support.AbstractBeanFactory.lambda$doGetBean$0(AbstractBeanFactory.java:326)
	at org.springframework.beans.factory.support.DefaultSingletonBeanRegistry.getSingleton(DefaultSingletonBeanRegistry.java:234)
	at org.springframework.beans.factory.support.AbstractBeanFactory.doGetBean(AbstractBeanFactory.java:324)
	at org.springframework.beans.factory.support.AbstractBeanFactory.getBean(AbstractBeanFactory.java:200)
	at org.springframework.beans.factory.config.DependencyDescriptor.resolveCandidate(DependencyDescriptor.java:254)
	at org.springframework.beans.factory.support.DefaultListableBeanFactory.doResolveDependency(DefaultListableBeanFactory.java:1443)
	at org.springframework.beans.factory.support.DefaultListableBeanFactory.resolveDependency(DefaultListableBeanFactory.java:1353)
	at org.springframework.beans.factory.support.ConstructorResolver.resolveAutowiredArgument(ConstructorResolver.java:904)
	at org.springframework.beans.factory.support.ConstructorResolver.createArgumentArray(ConstructorResolver.java:782)
	... 56 common frames omitted
Caused by: java.lang.IllegalArgumentException: Could not resolve placeholder 'jwt.secret' in value "${jwt.secret}"
	at org.springframework.util.PropertyPlaceholderHelper.parseStringValue(PropertyPlaceholderHelper.java:180)
	at org.springframework.util.PropertyPlaceholderHelper.replacePlaceholders(PropertyPlaceholderHelper.java:126)
	at org.springframework.core.env.AbstractPropertyResolver.doResolvePlaceholders(AbstractPropertyResolver.java:239)
	at org.springframework.core.env.AbstractPropertyResolver.resolveRequiredPlaceholders(AbstractPropertyResolver.java:210)
	at org.springframework.context.support.PropertySourcesPlaceholderConfigurer.lambda$processProperties$0(PropertySourcesPlaceholderConfigurer.java:200)
	at org.springframework.beans.factory.support.AbstractBeanFactory.resolveEmbeddedValue(AbstractBeanFactory.java:922)
	at org.springframework.beans.factory.support.DefaultListableBeanFactory.doResolveDependency(DefaultListableBeanFactory.java:1374)
	at org.springframework.beans.factory.support.DefaultListableBeanFactory.resolveDependency(DefaultListableBeanFactory.java:1353)
	at org.springframework.beans.factory.annotation.AutowiredAnnotationBeanPostProcessor$AutowiredFieldElement.resolveFieldValue(AutowiredAnnotationBeanPostProcessor.java:784)
	at org.springframework.beans.factory.annotation.AutowiredAnnotationBeanPostProcessor$AutowiredFieldElement.inject(AutowiredAnnotationBeanPostProcessor.java:767)
	at org.springframework.beans.factory.annotation.InjectionMetadata.inject(InjectionMetadata.java:145)
	at org.springframework.beans.factory.annotation.AutowiredAnnotationBeanPostProcessor.postProcessProperties(AutowiredAnnotationBeanPostProcessor.java:508)
	... 68 common frames omitted
2025-05-03 16:46:57 [main] INFO  c.s.portfolio.PortfolioApplication - Starting PortfolioApplication using Java 21.0.6 with PID 15849 (/Users/muhammedshemeeladmin/cursor/shemeel-portfolio-web/backend/target/classes started by muhammedshemeeladmin in /Users/muhammedshemeeladmin/cursor/shemeel-portfolio-web/backend)
2025-05-03 16:46:57 [main] DEBUG c.s.portfolio.PortfolioApplication - Running with Spring Boot v3.2.4, Spring v6.1.5
2025-05-03 16:46:57 [main] INFO  c.s.portfolio.PortfolioApplication - No active profile set, falling back to 1 default profile: "default"
2025-05-03 16:46:57 [main] INFO  o.s.d.r.c.RepositoryConfigurationDelegate - Bootstrapping Spring Data MongoDB repositories in DEFAULT mode.
2025-05-03 16:46:57 [main] INFO  o.s.d.r.c.RepositoryConfigurationDelegate - Finished Spring Data repository scanning in 29 ms. Found 5 MongoDB repository interfaces.
2025-05-03 16:46:57 [main] INFO  o.s.b.w.e.tomcat.TomcatWebServer - Tomcat initialized with port 8080 (http)
2025-05-03 16:46:57 [main] INFO  o.a.catalina.core.StandardService - Starting service [Tomcat]
2025-05-03 16:46:57 [main] INFO  o.a.catalina.core.StandardEngine - Starting Servlet engine: [Apache Tomcat/10.1.19]
2025-05-03 16:46:57 [main] INFO  o.a.c.c.C.[.[localhost].[/api/v1] - Initializing Spring embedded WebApplicationContext
2025-05-03 16:46:57 [main] INFO  o.s.b.w.s.c.ServletWebServerApplicationContext - Root WebApplicationContext: initialization completed in 467 ms
2025-05-03 16:46:57 [main] INFO  org.mongodb.driver.client - MongoClient with metadata {"driver": {"name": "mongo-java-driver|sync|spring-boot", "version": "4.11.1"}, "os": {"type": "Darwin", "name": "Mac OS X", "architecture": "aarch64", "version": "15.4.1"}, "platform": "Java/Amazon.com Inc./21.0.6+7-LTS"} created with settings MongoClientSettings{readPreference=primary, writeConcern=WriteConcern{w=null, wTimeout=null ms, journal=null}, retryWrites=true, retryReads=true, readConcern=ReadConcern{level=null}, credential=null, transportSettings=null, streamFactoryFactory=null, commandListeners=[], codecRegistry=ProvidersCodecRegistry{codecProviders=[ValueCodecProvider{}, BsonValueCodecProvider{}, DBRefCodecProvider{}, DBObjectCodecProvider{}, DocumentCodecProvider{}, CollectionCodecProvider{}, IterableCodecProvider{}, MapCodecProvider{}, GeoJsonCodecProvider{}, GridFSFileCodecProvider{}, Jsr310CodecProvider{}, JsonObjectCodecProvider{}, BsonCodecProvider{}, EnumCodecProvider{}, com.mongodb.client.model.mql.ExpressionCodecProvider@27976390, com.mongodb.Jep395RecordCodecProvider@37e0056e, com.mongodb.KotlinCodecProvider@415795f3]}, loggerSettings=LoggerSettings{maxDocumentLength=1000}, clusterSettings={hosts=[localhost:27017], srvServiceName=mongodb, mode=SINGLE, requiredClusterType=UNKNOWN, requiredReplicaSetName='null', serverSelector='null', clusterListeners='[]', serverSelectionTimeout='30000 ms', localThreshold='15 ms'}, socketSettings=SocketSettings{connectTimeoutMS=10000, readTimeoutMS=0, receiveBufferSize=0, proxySettings=ProxySettings{host=null, port=null, username=null, password=null}}, heartbeatSocketSettings=SocketSettings{connectTimeoutMS=10000, readTimeoutMS=10000, receiveBufferSize=0, proxySettings=ProxySettings{host=null, port=null, username=null, password=null}}, connectionPoolSettings=ConnectionPoolSettings{maxSize=100, minSize=0, maxWaitTimeMS=120000, maxConnectionLifeTimeMS=0, maxConnectionIdleTimeMS=0, maintenanceInitialDelayMS=0, maintenanceFrequencyMS=60000, connectionPoolListeners=[], maxConnecting=2}, serverSettings=ServerSettings{heartbeatFrequencyMS=10000, minHeartbeatFrequencyMS=500, serverListeners='[]', serverMonitorListeners='[]'}, sslSettings=SslSettings{enabled=false, invalidHostNameAllowed=false, context=null}, applicationName='null', compressorList=[], uuidRepresentation=JAVA_LEGACY, serverApi=null, autoEncryptionSettings=null, dnsClient=null, inetAddressResolver=null, contextProvider=null}
2025-05-03 16:46:57 [cluster-ClusterId{value='6816104149d601457dcfd7d5', description='null'}-localhost:27017] INFO  org.mongodb.driver.cluster - Monitor thread successfully connected to server with description ServerDescription{address=localhost:27017, type=STANDALONE, state=CONNECTED, ok=true, minWireVersion=0, maxWireVersion=25, maxDocumentSize=16777216, logicalSessionTimeoutMinutes=30, roundTripTimeNanos=12059250}
2025-05-03 16:46:57 [main] ERROR o.s.b.w.e.tomcat.TomcatStarter - Error starting Tomcat context. Exception: org.springframework.beans.factory.UnsatisfiedDependencyException. Message: Error creating bean with name 'jwtAuthenticationFilter' defined in file [/Users/muhammedshemeeladmin/cursor/shemeel-portfolio-web/backend/target/classes/com/shemeel/portfolio/config/JwtAuthenticationFilter.class]: Unsatisfied dependency expressed through constructor parameter 0: Error creating bean with name 'jwtConfig': Injection of autowired dependencies failed
2025-05-03 16:46:57 [main] INFO  o.a.catalina.core.StandardService - Stopping service [Tomcat]
2025-05-03 16:46:57 [main] WARN  o.a.c.loader.WebappClassLoaderBase - The web application [api#v1] appears to have started a thread named [BufferPoolPruner-1-thread-1] but has failed to stop it. This is very likely to create a memory leak. Stack trace of thread:
 java.base/jdk.internal.misc.Unsafe.park(Native Method)
 java.base/java.util.concurrent.locks.LockSupport.parkNanos(LockSupport.java:269)
 java.base/java.util.concurrent.locks.AbstractQueuedSynchronizer$ConditionObject.awaitNanos(AbstractQueuedSynchronizer.java:1763)
 java.base/java.util.concurrent.ScheduledThreadPoolExecutor$DelayedWorkQueue.take(ScheduledThreadPoolExecutor.java:1182)
 java.base/java.util.concurrent.ScheduledThreadPoolExecutor$DelayedWorkQueue.take(ScheduledThreadPoolExecutor.java:899)
 java.base/java.util.concurrent.ThreadPoolExecutor.getTask(ThreadPoolExecutor.java:1070)
 java.base/java.util.concurrent.ThreadPoolExecutor.runWorker(ThreadPoolExecutor.java:1130)
 java.base/java.util.concurrent.ThreadPoolExecutor$Worker.run(ThreadPoolExecutor.java:642)
 java.base/java.lang.Thread.run(Thread.java:1583)
2025-05-03 16:46:57 [main] WARN  o.a.c.loader.WebappClassLoaderBase - The web application [api#v1] appears to have started a thread named [cluster-ClusterId{value='6816104149d601457dcfd7d5', description='null'}-localhost:27017] but has failed to stop it. This is very likely to create a memory leak. Stack trace of thread:
 java.base/sun.nio.ch.Net.poll(Native Method)
 java.base/sun.nio.ch.NioSocketImpl.park(NioSocketImpl.java:191)
 java.base/sun.nio.ch.NioSocketImpl.timedRead(NioSocketImpl.java:280)
 java.base/sun.nio.ch.NioSocketImpl.implRead(NioSocketImpl.java:304)
 java.base/sun.nio.ch.NioSocketImpl.read(NioSocketImpl.java:346)
 java.base/sun.nio.ch.NioSocketImpl$1.read(NioSocketImpl.java:796)
 java.base/java.net.Socket$SocketInputStream.read(Socket.java:1099)
 com.mongodb.internal.connection.SocketStream.read(SocketStream.java:175)
 com.mongodb.internal.connection.SocketStream.read(SocketStream.java:200)
 com.mongodb.internal.connection.InternalStreamConnection.receiveResponseBuffers(InternalStreamConnection.java:739)
 com.mongodb.internal.connection.InternalStreamConnection.receiveMessageWithAdditionalTimeout(InternalStreamConnection.java:603)
 com.mongodb.internal.connection.InternalStreamConnection.receiveCommandMessageResponse(InternalStreamConnection.java:451)
 com.mongodb.internal.connection.InternalStreamConnection.receive(InternalStreamConnection.java:404)
 com.mongodb.internal.connection.DefaultServerMonitor$ServerMonitorRunnable.lookupServerDescription(DefaultServerMonitor.java:224)
 com.mongodb.internal.connection.DefaultServerMonitor$ServerMonitorRunnable.run(DefaultServerMonitor.java:156)
 java.base/java.lang.Thread.run(Thread.java:1583)
2025-05-03 16:46:57 [main] WARN  o.a.c.loader.WebappClassLoaderBase - The web application [api#v1] appears to have started a thread named [cluster-rtt-ClusterId{value='6816104149d601457dcfd7d5', description='null'}-localhost:27017] but has failed to stop it. This is very likely to create a memory leak. Stack trace of thread:
 java.base/java.lang.Thread.sleep0(Native Method)
 java.base/java.lang.Thread.sleep(Thread.java:509)
 com.mongodb.internal.connection.DefaultServerMonitor.waitForNext(DefaultServerMonitor.java:442)
 com.mongodb.internal.connection.DefaultServerMonitor.access$1500(DefaultServerMonitor.java:68)
 com.mongodb.internal.connection.DefaultServerMonitor$RoundTripTimeRunnable.run(DefaultServerMonitor.java:413)
 java.base/java.lang.Thread.run(Thread.java:1583)
2025-05-03 16:46:57 [main] WARN  o.a.c.loader.WebappClassLoaderBase - The web application [api#v1] appears to have started a thread named [MaintenanceTimer-2-thread-1] but has failed to stop it. This is very likely to create a memory leak. Stack trace of thread:
 java.base/jdk.internal.misc.Unsafe.park(Native Method)
 java.base/java.util.concurrent.locks.LockSupport.parkNanos(LockSupport.java:269)
 java.base/java.util.concurrent.locks.AbstractQueuedSynchronizer$ConditionObject.awaitNanos(AbstractQueuedSynchronizer.java:1763)
 java.base/java.util.concurrent.ScheduledThreadPoolExecutor$DelayedWorkQueue.take(ScheduledThreadPoolExecutor.java:1182)
 java.base/java.util.concurrent.ScheduledThreadPoolExecutor$DelayedWorkQueue.take(ScheduledThreadPoolExecutor.java:899)
 java.base/java.util.concurrent.ThreadPoolExecutor.getTask(ThreadPoolExecutor.java:1070)
 java.base/java.util.concurrent.ThreadPoolExecutor.runWorker(ThreadPoolExecutor.java:1130)
 java.base/java.util.concurrent.ThreadPoolExecutor$Worker.run(ThreadPoolExecutor.java:642)
 java.base/java.lang.Thread.run(Thread.java:1583)
2025-05-03 16:46:57 [main] WARN  o.s.b.w.s.c.AnnotationConfigServletWebServerApplicationContext - Exception encountered during context initialization - cancelling refresh attempt: org.springframework.context.ApplicationContextException: Unable to start web server
2025-05-03 16:46:57 [main] INFO  o.s.b.a.l.ConditionEvaluationReportLogger - 

Error starting ApplicationContext. To display the condition evaluation report re-run your application with 'debug' enabled.
2025-05-03 16:46:57 [main] ERROR o.s.boot.SpringApplication - Application run failed
org.springframework.context.ApplicationContextException: Unable to start web server
	at org.springframework.boot.web.servlet.context.ServletWebServerApplicationContext.onRefresh(ServletWebServerApplicationContext.java:165)
	at org.springframework.context.support.AbstractApplicationContext.refresh(AbstractApplicationContext.java:618)
	at org.springframework.boot.web.servlet.context.ServletWebServerApplicationContext.refresh(ServletWebServerApplicationContext.java:146)
	at org.springframework.boot.SpringApplication.refresh(SpringApplication.java:754)
	at org.springframework.boot.SpringApplication.refreshContext(SpringApplication.java:456)
	at org.springframework.boot.SpringApplication.run(SpringApplication.java:334)
	at org.springframework.boot.SpringApplication.run(SpringApplication.java:1354)
	at org.springframework.boot.SpringApplication.run(SpringApplication.java:1343)
	at com.shemeel.portfolio.PortfolioApplication.main(PortfolioApplication.java:17)
Caused by: org.springframework.boot.web.server.WebServerException: Unable to start embedded Tomcat
	at org.springframework.boot.web.embedded.tomcat.TomcatWebServer.initialize(TomcatWebServer.java:145)
	at org.springframework.boot.web.embedded.tomcat.TomcatWebServer.<init>(TomcatWebServer.java:105)
	at org.springframework.boot.web.embedded.tomcat.TomcatServletWebServerFactory.getTomcatWebServer(TomcatServletWebServerFactory.java:499)
	at org.springframework.boot.web.embedded.tomcat.TomcatServletWebServerFactory.getWebServer(TomcatServletWebServerFactory.java:218)
	at org.springframework.boot.web.servlet.context.ServletWebServerApplicationContext.createWebServer(ServletWebServerApplicationContext.java:188)
	at org.springframework.boot.web.servlet.context.ServletWebServerApplicationContext.onRefresh(ServletWebServerApplicationContext.java:162)
	... 8 common frames omitted
Caused by: org.springframework.beans.factory.UnsatisfiedDependencyException: Error creating bean with name 'jwtAuthenticationFilter' defined in file [/Users/muhammedshemeeladmin/cursor/shemeel-portfolio-web/backend/target/classes/com/shemeel/portfolio/config/JwtAuthenticationFilter.class]: Unsatisfied dependency expressed through constructor parameter 0: Error creating bean with name 'jwtConfig': Injection of autowired dependencies failed
	at org.springframework.beans.factory.support.ConstructorResolver.createArgumentArray(ConstructorResolver.java:795)
	at org.springframework.beans.factory.support.ConstructorResolver.autowireConstructor(ConstructorResolver.java:237)
	at org.springframework.beans.factory.support.AbstractAutowireCapableBeanFactory.autowireConstructor(AbstractAutowireCapableBeanFactory.java:1355)
	at org.springframework.beans.factory.support.AbstractAutowireCapableBeanFactory.createBeanInstance(AbstractAutowireCapableBeanFactory.java:1192)
	at org.springframework.beans.factory.support.AbstractAutowireCapableBeanFactory.doCreateBean(AbstractAutowireCapableBeanFactory.java:562)
	at org.springframework.beans.factory.support.AbstractAutowireCapableBeanFactory.createBean(AbstractAutowireCapableBeanFactory.java:522)
	at org.springframework.beans.factory.support.AbstractBeanFactory.lambda$doGetBean$0(AbstractBeanFactory.java:326)
	at org.springframework.beans.factory.support.DefaultSingletonBeanRegistry.getSingleton(DefaultSingletonBeanRegistry.java:234)
	at org.springframework.beans.factory.support.AbstractBeanFactory.doGetBean(AbstractBeanFactory.java:324)
	at org.springframework.beans.factory.support.AbstractBeanFactory.getBean(AbstractBeanFactory.java:205)
	at org.springframework.boot.web.servlet.ServletContextInitializerBeans.getOrderedBeansOfType(ServletContextInitializerBeans.java:210)
	at org.springframework.boot.web.servlet.ServletContextInitializerBeans.addAsRegistrationBean(ServletContextInitializerBeans.java:173)
	at org.springframework.boot.web.servlet.ServletContextInitializerBeans.addAsRegistrationBean(ServletContextInitializerBeans.java:168)
	at org.springframework.boot.web.servlet.ServletContextInitializerBeans.addAdaptableBeans(ServletContextInitializerBeans.java:153)
	at org.springframework.boot.web.servlet.ServletContextInitializerBeans.<init>(ServletContextInitializerBeans.java:86)
	at org.springframework.boot.web.servlet.context.ServletWebServerApplicationContext.getServletContextInitializerBeans(ServletWebServerApplicationContext.java:266)
	at org.springframework.boot.web.servlet.context.ServletWebServerApplicationContext.selfInitialize(ServletWebServerApplicationContext.java:240)
	at org.springframework.boot.web.embedded.tomcat.TomcatStarter.onStartup(TomcatStarter.java:52)
	at org.apache.catalina.core.StandardContext.startInternal(StandardContext.java:4866)
	at org.apache.catalina.util.LifecycleBase.start(LifecycleBase.java:171)
	at org.apache.catalina.core.ContainerBase$StartChild.call(ContainerBase.java:1332)
	at org.apache.catalina.core.ContainerBase$StartChild.call(ContainerBase.java:1322)
	at java.base/java.util.concurrent.FutureTask.run(FutureTask.java:317)
	at org.apache.tomcat.util.threads.InlineExecutorService.execute(InlineExecutorService.java:75)
	at java.base/java.util.concurrent.AbstractExecutorService.submit(AbstractExecutorService.java:145)
	at org.apache.catalina.core.ContainerBase.startInternal(ContainerBase.java:866)
	at org.apache.catalina.core.StandardHost.startInternal(StandardHost.java:845)
	at org.apache.catalina.util.LifecycleBase.start(LifecycleBase.java:171)
	at org.apache.catalina.core.ContainerBase$StartChild.call(ContainerBase.java:1332)
	at org.apache.catalina.core.ContainerBase$StartChild.call(ContainerBase.java:1322)
	at java.base/java.util.concurrent.FutureTask.run(FutureTask.java:317)
	at org.apache.tomcat.util.threads.InlineExecutorService.execute(InlineExecutorService.java:75)
	at java.base/java.util.concurrent.AbstractExecutorService.submit(AbstractExecutorService.java:145)
	at org.apache.catalina.core.ContainerBase.startInternal(ContainerBase.java:866)
	at org.apache.catalina.core.StandardEngine.startInternal(StandardEngine.java:240)
	at org.apache.catalina.util.LifecycleBase.start(LifecycleBase.java:171)
	at org.apache.catalina.core.StandardService.startInternal(StandardService.java:433)
	at org.apache.catalina.util.LifecycleBase.start(LifecycleBase.java:171)
	at org.apache.catalina.core.StandardServer.startInternal(StandardServer.java:921)
	at org.apache.catalina.util.LifecycleBase.start(LifecycleBase.java:171)
	at org.apache.catalina.startup.Tomcat.start(Tomcat.java:437)
	at org.springframework.boot.web.embedded.tomcat.TomcatWebServer.initialize(TomcatWebServer.java:126)
	... 13 common frames omitted
Caused by: org.springframework.beans.factory.BeanCreationException: Error creating bean with name 'jwtConfig': Injection of autowired dependencies failed
	at org.springframework.beans.factory.annotation.AutowiredAnnotationBeanPostProcessor.postProcessProperties(AutowiredAnnotationBeanPostProcessor.java:514)
	at org.springframework.beans.factory.support.AbstractAutowireCapableBeanFactory.populateBean(AbstractAutowireCapableBeanFactory.java:1419)
	at org.springframework.beans.factory.support.AbstractAutowireCapableBeanFactory.doCreateBean(AbstractAutowireCapableBeanFactory.java:599)
	at org.springframework.beans.factory.support.AbstractAutowireCapableBeanFactory.createBean(AbstractAutowireCapableBeanFactory.java:522)
	at org.springframework.beans.factory.support.AbstractBeanFactory.lambda$doGetBean$0(AbstractBeanFactory.java:326)
	at org.springframework.beans.factory.support.DefaultSingletonBeanRegistry.getSingleton(DefaultSingletonBeanRegistry.java:234)
	at org.springframework.beans.factory.support.AbstractBeanFactory.doGetBean(AbstractBeanFactory.java:324)
	at org.springframework.beans.factory.support.AbstractBeanFactory.getBean(AbstractBeanFactory.java:200)
	at org.springframework.beans.factory.config.DependencyDescriptor.resolveCandidate(DependencyDescriptor.java:254)
	at org.springframework.beans.factory.support.DefaultListableBeanFactory.doResolveDependency(DefaultListableBeanFactory.java:1443)
	at org.springframework.beans.factory.support.DefaultListableBeanFactory.resolveDependency(DefaultListableBeanFactory.java:1353)
	at org.springframework.beans.factory.support.ConstructorResolver.resolveAutowiredArgument(ConstructorResolver.java:904)
	at org.springframework.beans.factory.support.ConstructorResolver.createArgumentArray(ConstructorResolver.java:782)
	... 54 common frames omitted
Caused by: java.lang.IllegalArgumentException: Could not resolve placeholder 'jwt.secret' in value "${jwt.secret}"
	at org.springframework.util.PropertyPlaceholderHelper.parseStringValue(PropertyPlaceholderHelper.java:180)
	at org.springframework.util.PropertyPlaceholderHelper.replacePlaceholders(PropertyPlaceholderHelper.java:126)
	at org.springframework.core.env.AbstractPropertyResolver.doResolvePlaceholders(AbstractPropertyResolver.java:239)
	at org.springframework.core.env.AbstractPropertyResolver.resolveRequiredPlaceholders(AbstractPropertyResolver.java:210)
	at org.springframework.context.support.PropertySourcesPlaceholderConfigurer.lambda$processProperties$0(PropertySourcesPlaceholderConfigurer.java:200)
	at org.springframework.beans.factory.support.AbstractBeanFactory.resolveEmbeddedValue(AbstractBeanFactory.java:922)
	at org.springframework.beans.factory.support.DefaultListableBeanFactory.doResolveDependency(DefaultListableBeanFactory.java:1374)
	at org.springframework.beans.factory.support.DefaultListableBeanFactory.resolveDependency(DefaultListableBeanFactory.java:1353)
	at org.springframework.beans.factory.annotation.AutowiredAnnotationBeanPostProcessor$AutowiredFieldElement.resolveFieldValue(AutowiredAnnotationBeanPostProcessor.java:784)
	at org.springframework.beans.factory.annotation.AutowiredAnnotationBeanPostProcessor$AutowiredFieldElement.inject(AutowiredAnnotationBeanPostProcessor.java:767)
	at org.springframework.beans.factory.annotation.InjectionMetadata.inject(InjectionMetadata.java:145)
	at org.springframework.beans.factory.annotation.AutowiredAnnotationBeanPostProcessor.postProcessProperties(AutowiredAnnotationBeanPostProcessor.java:508)
	... 66 common frames omitted
2025-05-03 16:50:48 [main] INFO  c.s.portfolio.PortfolioApplication - Starting PortfolioApplication using Java 21.0.6 with PID 16952 (/Users/muhammedshemeeladmin/cursor/shemeel-portfolio-web/backend/target/classes started by muhammedshemeeladmin in /Users/muhammedshemeeladmin/cursor/shemeel-portfolio-web/backend)
2025-05-03 16:50:48 [main] DEBUG c.s.portfolio.PortfolioApplication - Running with Spring Boot v3.2.4, Spring v6.1.5
2025-05-03 16:50:48 [main] INFO  c.s.portfolio.PortfolioApplication - No active profile set, falling back to 1 default profile: "default"
2025-05-03 16:50:48 [main] INFO  o.s.d.r.c.RepositoryConfigurationDelegate - Bootstrapping Spring Data MongoDB repositories in DEFAULT mode.
2025-05-03 16:50:48 [main] INFO  o.s.d.r.c.RepositoryConfigurationDelegate - Finished Spring Data repository scanning in 21 ms. Found 5 MongoDB repository interfaces.
2025-05-03 16:50:48 [main] INFO  o.s.b.w.e.tomcat.TomcatWebServer - Tomcat initialized with port 8080 (http)
2025-05-03 16:50:48 [main] INFO  o.a.catalina.core.StandardService - Starting service [Tomcat]
2025-05-03 16:50:48 [main] INFO  o.a.catalina.core.StandardEngine - Starting Servlet engine: [Apache Tomcat/10.1.19]
2025-05-03 16:50:48 [main] INFO  o.a.c.c.C.[.[localhost].[/api/v1] - Initializing Spring embedded WebApplicationContext
2025-05-03 16:50:48 [main] INFO  o.s.b.w.s.c.ServletWebServerApplicationContext - Root WebApplicationContext: initialization completed in 444 ms
2025-05-03 16:50:48 [main] ERROR o.s.b.w.e.tomcat.TomcatStarter - Error starting Tomcat context. Exception: org.springframework.beans.factory.UnsatisfiedDependencyException. Message: Error creating bean with name 'jwtAuthenticationFilter' defined in file [/Users/muhammedshemeeladmin/cursor/shemeel-portfolio-web/backend/target/classes/com/shemeel/portfolio/config/JwtAuthenticationFilter.class]: Unsatisfied dependency expressed through constructor parameter 0: Error creating bean with name 'jwtConfig': Injection of autowired dependencies failed
2025-05-03 16:50:48 [main] INFO  o.a.catalina.core.StandardService - Stopping service [Tomcat]
2025-05-03 16:50:48 [main] WARN  o.s.b.w.s.c.AnnotationConfigServletWebServerApplicationContext - Exception encountered during context initialization - cancelling refresh attempt: org.springframework.context.ApplicationContextException: Unable to start web server
2025-05-03 16:50:48 [main] INFO  o.s.b.a.l.ConditionEvaluationReportLogger - 

Error starting ApplicationContext. To display the condition evaluation report re-run your application with 'debug' enabled.
2025-05-03 16:50:48 [main] ERROR o.s.boot.SpringApplication - Application run failed
org.springframework.context.ApplicationContextException: Unable to start web server
	at org.springframework.boot.web.servlet.context.ServletWebServerApplicationContext.onRefresh(ServletWebServerApplicationContext.java:165)
	at org.springframework.context.support.AbstractApplicationContext.refresh(AbstractApplicationContext.java:618)
	at org.springframework.boot.web.servlet.context.ServletWebServerApplicationContext.refresh(ServletWebServerApplicationContext.java:146)
	at org.springframework.boot.SpringApplication.refresh(SpringApplication.java:754)
	at org.springframework.boot.SpringApplication.refreshContext(SpringApplication.java:456)
	at org.springframework.boot.SpringApplication.run(SpringApplication.java:334)
	at org.springframework.boot.SpringApplication.run(SpringApplication.java:1354)
	at org.springframework.boot.SpringApplication.run(SpringApplication.java:1343)
	at com.shemeel.portfolio.PortfolioApplication.main(PortfolioApplication.java:17)
Caused by: org.springframework.boot.web.server.WebServerException: Unable to start embedded Tomcat
	at org.springframework.boot.web.embedded.tomcat.TomcatWebServer.initialize(TomcatWebServer.java:145)
	at org.springframework.boot.web.embedded.tomcat.TomcatWebServer.<init>(TomcatWebServer.java:105)
	at org.springframework.boot.web.embedded.tomcat.TomcatServletWebServerFactory.getTomcatWebServer(TomcatServletWebServerFactory.java:499)
	at org.springframework.boot.web.embedded.tomcat.TomcatServletWebServerFactory.getWebServer(TomcatServletWebServerFactory.java:218)
	at org.springframework.boot.web.servlet.context.ServletWebServerApplicationContext.createWebServer(ServletWebServerApplicationContext.java:188)
	at org.springframework.boot.web.servlet.context.ServletWebServerApplicationContext.onRefresh(ServletWebServerApplicationContext.java:162)
	... 8 common frames omitted
Caused by: org.springframework.beans.factory.UnsatisfiedDependencyException: Error creating bean with name 'jwtAuthenticationFilter' defined in file [/Users/muhammedshemeeladmin/cursor/shemeel-portfolio-web/backend/target/classes/com/shemeel/portfolio/config/JwtAuthenticationFilter.class]: Unsatisfied dependency expressed through constructor parameter 0: Error creating bean with name 'jwtConfig': Injection of autowired dependencies failed
	at org.springframework.beans.factory.support.ConstructorResolver.createArgumentArray(ConstructorResolver.java:795)
	at org.springframework.beans.factory.support.ConstructorResolver.autowireConstructor(ConstructorResolver.java:237)
	at org.springframework.beans.factory.support.AbstractAutowireCapableBeanFactory.autowireConstructor(AbstractAutowireCapableBeanFactory.java:1355)
	at org.springframework.beans.factory.support.AbstractAutowireCapableBeanFactory.createBeanInstance(AbstractAutowireCapableBeanFactory.java:1192)
	at org.springframework.beans.factory.support.AbstractAutowireCapableBeanFactory.doCreateBean(AbstractAutowireCapableBeanFactory.java:562)
	at org.springframework.beans.factory.support.AbstractAutowireCapableBeanFactory.createBean(AbstractAutowireCapableBeanFactory.java:522)
	at org.springframework.beans.factory.support.AbstractBeanFactory.lambda$doGetBean$0(AbstractBeanFactory.java:326)
	at org.springframework.beans.factory.support.DefaultSingletonBeanRegistry.getSingleton(DefaultSingletonBeanRegistry.java:234)
	at org.springframework.beans.factory.support.AbstractBeanFactory.doGetBean(AbstractBeanFactory.java:324)
	at org.springframework.beans.factory.support.AbstractBeanFactory.getBean(AbstractBeanFactory.java:205)
	at org.springframework.boot.web.servlet.ServletContextInitializerBeans.getOrderedBeansOfType(ServletContextInitializerBeans.java:210)
	at org.springframework.boot.web.servlet.ServletContextInitializerBeans.addAsRegistrationBean(ServletContextInitializerBeans.java:173)
	at org.springframework.boot.web.servlet.ServletContextInitializerBeans.addAsRegistrationBean(ServletContextInitializerBeans.java:168)
	at org.springframework.boot.web.servlet.ServletContextInitializerBeans.addAdaptableBeans(ServletContextInitializerBeans.java:153)
	at org.springframework.boot.web.servlet.ServletContextInitializerBeans.<init>(ServletContextInitializerBeans.java:86)
	at org.springframework.boot.web.servlet.context.ServletWebServerApplicationContext.getServletContextInitializerBeans(ServletWebServerApplicationContext.java:266)
	at org.springframework.boot.web.servlet.context.ServletWebServerApplicationContext.selfInitialize(ServletWebServerApplicationContext.java:240)
	at org.springframework.boot.web.embedded.tomcat.TomcatStarter.onStartup(TomcatStarter.java:52)
	at org.apache.catalina.core.StandardContext.startInternal(StandardContext.java:4866)
	at org.apache.catalina.util.LifecycleBase.start(LifecycleBase.java:171)
	at org.apache.catalina.core.ContainerBase$StartChild.call(ContainerBase.java:1332)
	at org.apache.catalina.core.ContainerBase$StartChild.call(ContainerBase.java:1322)
	at java.base/java.util.concurrent.FutureTask.run(FutureTask.java:317)
	at org.apache.tomcat.util.threads.InlineExecutorService.execute(InlineExecutorService.java:75)
	at java.base/java.util.concurrent.AbstractExecutorService.submit(AbstractExecutorService.java:145)
	at org.apache.catalina.core.ContainerBase.startInternal(ContainerBase.java:866)
	at org.apache.catalina.core.StandardHost.startInternal(StandardHost.java:845)
	at org.apache.catalina.util.LifecycleBase.start(LifecycleBase.java:171)
	at org.apache.catalina.core.ContainerBase$StartChild.call(ContainerBase.java:1332)
	at org.apache.catalina.core.ContainerBase$StartChild.call(ContainerBase.java:1322)
	at java.base/java.util.concurrent.FutureTask.run(FutureTask.java:317)
	at org.apache.tomcat.util.threads.InlineExecutorService.execute(InlineExecutorService.java:75)
	at java.base/java.util.concurrent.AbstractExecutorService.submit(AbstractExecutorService.java:145)
	at org.apache.catalina.core.ContainerBase.startInternal(ContainerBase.java:866)
	at org.apache.catalina.core.StandardEngine.startInternal(StandardEngine.java:240)
	at org.apache.catalina.util.LifecycleBase.start(LifecycleBase.java:171)
	at org.apache.catalina.core.StandardService.startInternal(StandardService.java:433)
	at org.apache.catalina.util.LifecycleBase.start(LifecycleBase.java:171)
	at org.apache.catalina.core.StandardServer.startInternal(StandardServer.java:921)
	at org.apache.catalina.util.LifecycleBase.start(LifecycleBase.java:171)
	at org.apache.catalina.startup.Tomcat.start(Tomcat.java:437)
	at org.springframework.boot.web.embedded.tomcat.TomcatWebServer.initialize(TomcatWebServer.java:126)
	... 13 common frames omitted
Caused by: org.springframework.beans.factory.BeanCreationException: Error creating bean with name 'jwtConfig': Injection of autowired dependencies failed
	at org.springframework.beans.factory.annotation.AutowiredAnnotationBeanPostProcessor.postProcessProperties(AutowiredAnnotationBeanPostProcessor.java:514)
	at org.springframework.beans.factory.support.AbstractAutowireCapableBeanFactory.populateBean(AbstractAutowireCapableBeanFactory.java:1419)
	at org.springframework.beans.factory.support.AbstractAutowireCapableBeanFactory.doCreateBean(AbstractAutowireCapableBeanFactory.java:599)
	at org.springframework.beans.factory.support.AbstractAutowireCapableBeanFactory.createBean(AbstractAutowireCapableBeanFactory.java:522)
	at org.springframework.beans.factory.support.AbstractBeanFactory.lambda$doGetBean$0(AbstractBeanFactory.java:326)
	at org.springframework.beans.factory.support.DefaultSingletonBeanRegistry.getSingleton(DefaultSingletonBeanRegistry.java:234)
	at org.springframework.beans.factory.support.AbstractBeanFactory.doGetBean(AbstractBeanFactory.java:324)
	at org.springframework.beans.factory.support.AbstractBeanFactory.getBean(AbstractBeanFactory.java:200)
	at org.springframework.beans.factory.config.DependencyDescriptor.resolveCandidate(DependencyDescriptor.java:254)
	at org.springframework.beans.factory.support.DefaultListableBeanFactory.doResolveDependency(DefaultListableBeanFactory.java:1443)
	at org.springframework.beans.factory.support.DefaultListableBeanFactory.resolveDependency(DefaultListableBeanFactory.java:1353)
	at org.springframework.beans.factory.support.ConstructorResolver.resolveAutowiredArgument(ConstructorResolver.java:904)
	at org.springframework.beans.factory.support.ConstructorResolver.createArgumentArray(ConstructorResolver.java:782)
	... 54 common frames omitted
Caused by: java.lang.IllegalArgumentException: Could not resolve placeholder 'jwt.secret' in value "${jwt.secret}"
	at org.springframework.util.PropertyPlaceholderHelper.parseStringValue(PropertyPlaceholderHelper.java:180)
	at org.springframework.util.PropertyPlaceholderHelper.replacePlaceholders(PropertyPlaceholderHelper.java:126)
	at org.springframework.core.env.AbstractPropertyResolver.doResolvePlaceholders(AbstractPropertyResolver.java:239)
	at org.springframework.core.env.AbstractPropertyResolver.resolveRequiredPlaceholders(AbstractPropertyResolver.java:210)
	at org.springframework.context.support.PropertySourcesPlaceholderConfigurer.lambda$processProperties$0(PropertySourcesPlaceholderConfigurer.java:200)
	at org.springframework.beans.factory.support.AbstractBeanFactory.resolveEmbeddedValue(AbstractBeanFactory.java:922)
	at org.springframework.beans.factory.support.DefaultListableBeanFactory.doResolveDependency(DefaultListableBeanFactory.java:1374)
	at org.springframework.beans.factory.support.DefaultListableBeanFactory.resolveDependency(DefaultListableBeanFactory.java:1353)
	at org.springframework.beans.factory.annotation.AutowiredAnnotationBeanPostProcessor$AutowiredFieldElement.resolveFieldValue(AutowiredAnnotationBeanPostProcessor.java:784)
	at org.springframework.beans.factory.annotation.AutowiredAnnotationBeanPostProcessor$AutowiredFieldElement.inject(AutowiredAnnotationBeanPostProcessor.java:767)
	at org.springframework.beans.factory.annotation.InjectionMetadata.inject(InjectionMetadata.java:145)
	at org.springframework.beans.factory.annotation.AutowiredAnnotationBeanPostProcessor.postProcessProperties(AutowiredAnnotationBeanPostProcessor.java:508)
	... 66 common frames omitted
2025-05-03 16:51:30 [main] INFO  c.s.portfolio.PortfolioApplication - Starting PortfolioApplication using Java 21.0.6 with PID 17209 (/Users/muhammedshemeeladmin/cursor/shemeel-portfolio-web/backend/target/classes started by muhammedshemeeladmin in /Users/muhammedshemeeladmin/cursor/shemeel-portfolio-web/backend)
2025-05-03 16:51:30 [main] DEBUG c.s.portfolio.PortfolioApplication - Running with Spring Boot v3.2.4, Spring v6.1.5
2025-05-03 16:51:30 [main] INFO  c.s.portfolio.PortfolioApplication - No active profile set, falling back to 1 default profile: "default"
2025-05-03 16:51:30 [main] INFO  o.s.d.r.c.RepositoryConfigurationDelegate - Bootstrapping Spring Data MongoDB repositories in DEFAULT mode.
2025-05-03 16:51:30 [main] INFO  o.s.d.r.c.RepositoryConfigurationDelegate - Finished Spring Data repository scanning in 19 ms. Found 5 MongoDB repository interfaces.
2025-05-03 16:51:30 [main] INFO  o.s.b.w.e.tomcat.TomcatWebServer - Tomcat initialized with port 8080 (http)
2025-05-03 16:51:30 [main] INFO  o.a.catalina.core.StandardService - Starting service [Tomcat]
2025-05-03 16:51:30 [main] INFO  o.a.catalina.core.StandardEngine - Starting Servlet engine: [Apache Tomcat/10.1.19]
2025-05-03 16:51:30 [main] INFO  o.a.c.c.C.[.[localhost].[/api/v1] - Initializing Spring embedded WebApplicationContext
2025-05-03 16:51:30 [main] INFO  o.s.b.w.s.c.ServletWebServerApplicationContext - Root WebApplicationContext: initialization completed in 442 ms
2025-05-03 16:51:30 [main] INFO  org.mongodb.driver.client - MongoClient with metadata {"driver": {"name": "mongo-java-driver|sync|spring-boot", "version": "4.11.1"}, "os": {"type": "Darwin", "name": "Mac OS X", "architecture": "aarch64", "version": "15.4.1"}, "platform": "Java/Amazon.com Inc./21.0.6+7-LTS"} created with settings MongoClientSettings{readPreference=primary, writeConcern=WriteConcern{w=majority, wTimeout=null ms, journal=null}, retryWrites=true, retryReads=true, readConcern=ReadConcern{level=null}, credential=MongoCredential{mechanism=null, userName='shemeel', source='portfolio', password=<hidden>, mechanismProperties=<hidden>}, transportSettings=null, streamFactoryFactory=null, commandListeners=[], codecRegistry=ProvidersCodecRegistry{codecProviders=[ValueCodecProvider{}, BsonValueCodecProvider{}, DBRefCodecProvider{}, DBObjectCodecProvider{}, DocumentCodecProvider{}, CollectionCodecProvider{}, IterableCodecProvider{}, MapCodecProvider{}, GeoJsonCodecProvider{}, GridFSFileCodecProvider{}, Jsr310CodecProvider{}, JsonObjectCodecProvider{}, BsonCodecProvider{}, EnumCodecProvider{}, com.mongodb.client.model.mql.ExpressionCodecProvider@6d963d70, com.mongodb.Jep395RecordCodecProvider@467045c4, com.mongodb.KotlinCodecProvider@55736cfe]}, loggerSettings=LoggerSettings{maxDocumentLength=1000}, clusterSettings={hosts=[127.0.0.1:27017], srvHost=cluster0.8qgqg.mongodb.net, srvServiceName=mongodb, mode=MULTIPLE, requiredClusterType=UNKNOWN, requiredReplicaSetName='null', serverSelector='null', clusterListeners='[]', serverSelectionTimeout='30000 ms', localThreshold='15 ms'}, socketSettings=SocketSettings{connectTimeoutMS=10000, readTimeoutMS=0, receiveBufferSize=0, proxySettings=ProxySettings{host=null, port=null, username=null, password=null}}, heartbeatSocketSettings=SocketSettings{connectTimeoutMS=10000, readTimeoutMS=10000, receiveBufferSize=0, proxySettings=ProxySettings{host=null, port=null, username=null, password=null}}, connectionPoolSettings=ConnectionPoolSettings{maxSize=100, minSize=0, maxWaitTimeMS=120000, maxConnectionLifeTimeMS=0, maxConnectionIdleTimeMS=0, maintenanceInitialDelayMS=0, maintenanceFrequencyMS=60000, connectionPoolListeners=[], maxConnecting=2}, serverSettings=ServerSettings{heartbeatFrequencyMS=10000, minHeartbeatFrequencyMS=500, serverListeners='[]', serverMonitorListeners='[]'}, sslSettings=SslSettings{enabled=true, invalidHostNameAllowed=false, context=null}, applicationName='null', compressorList=[], uuidRepresentation=JAVA_LEGACY, serverApi=null, autoEncryptionSettings=null, dnsClient=null, inetAddressResolver=null, contextProvider=null}
2025-05-03 16:51:30 [cluster-ClusterId{value='681611522bb25d23659a44df', description='null'}-srv-cluster0.8qgqg.mongodb.net] INFO  org.mongodb.driver.cluster - Exception while resolving SRV records
com.mongodb.MongoConfigurationException: Failed looking up SRV record for '_mongodb._tcp.cluster0.8qgqg.mongodb.net'.
	at com.mongodb.internal.dns.DefaultDnsResolver.resolveHostFromSrvRecords(DefaultDnsResolver.java:96)
	at com.mongodb.internal.connection.DefaultDnsSrvRecordMonitor$DnsSrvRecordMonitorRunnable.run(DefaultDnsSrvRecordMonitor.java:80)
	at java.base/java.lang.Thread.run(Thread.java:1583)
Caused by: com.mongodb.spi.dns.DnsWithResponseCodeException: DNS name not found [response code 3]
	at com.mongodb.internal.dns.JndiDnsClient.getResourceRecordData(JndiDnsClient.java:52)
	at com.mongodb.internal.dns.DefaultDnsResolver.resolveHostFromSrvRecords(DefaultDnsResolver.java:78)
	... 2 common frames omitted
Caused by: javax.naming.NameNotFoundException: DNS name not found [response code 3]
	at jdk.naming.dns/com.sun.jndi.dns.DnsClient.checkResponseCode(DnsClient.java:726)
	at jdk.naming.dns/com.sun.jndi.dns.DnsClient.isMatchResponse(DnsClient.java:644)
	at jdk.naming.dns/com.sun.jndi.dns.DnsClient.doUdpQuery(DnsClient.java:463)
	at jdk.naming.dns/com.sun.jndi.dns.DnsClient.query(DnsClient.java:247)
	at jdk.naming.dns/com.sun.jndi.dns.Resolver.query(Resolver.java:81)
	at jdk.naming.dns/com.sun.jndi.dns.DnsContext.c_getAttributes(DnsContext.java:434)
	at java.naming/com.sun.jndi.toolkit.ctx.ComponentDirContext.p_getAttributes(ComponentDirContext.java:235)
	at java.naming/com.sun.jndi.toolkit.ctx.PartialCompositeDirContext.getAttributes(PartialCompositeDirContext.java:141)
	at java.naming/com.sun.jndi.toolkit.ctx.PartialCompositeDirContext.getAttributes(PartialCompositeDirContext.java:129)
	at java.naming/javax.naming.directory.InitialDirContext.getAttributes(InitialDirContext.java:171)
	at com.mongodb.internal.dns.JndiDnsClient.getResourceRecordData(JndiDnsClient.java:41)
	... 3 common frames omitted
2025-05-03 16:51:30 [main] DEBUG c.s.portfolio.security.ApiKeyFilter - Filter 'apiKeyFilter' configured for use
2025-05-03 16:51:30 [main] DEBUG o.s.data.mongodb.core.MongoTemplate - Executing count: {} in collection: api_keys
2025-05-03 16:51:30 [main] INFO  org.mongodb.driver.cluster - No server chosen by ReadPreferenceServerSelector{readPreference=primary} from cluster description ClusterDescription{type=UNKNOWN, srvResolutionException=com.mongodb.MongoConfigurationException: Failed looking up SRV record for '_mongodb._tcp.cluster0.8qgqg.mongodb.net'., connectionMode=MULTIPLE, serverDescriptions=[]}. Waiting for 30000 ms before timing out
2025-05-03 16:51:40 [cluster-ClusterId{value='681611522bb25d23659a44df', description='null'}-srv-cluster0.8qgqg.mongodb.net] INFO  org.mongodb.driver.cluster - Exception while resolving SRV records
com.mongodb.MongoConfigurationException: Failed looking up SRV record for '_mongodb._tcp.cluster0.8qgqg.mongodb.net'.
	at com.mongodb.internal.dns.DefaultDnsResolver.resolveHostFromSrvRecords(DefaultDnsResolver.java:96)
	at com.mongodb.internal.connection.DefaultDnsSrvRecordMonitor$DnsSrvRecordMonitorRunnable.run(DefaultDnsSrvRecordMonitor.java:80)
	at java.base/java.lang.Thread.run(Thread.java:1583)
Caused by: com.mongodb.spi.dns.DnsWithResponseCodeException: DNS name not found [response code 3]
	at com.mongodb.internal.dns.JndiDnsClient.getResourceRecordData(JndiDnsClient.java:52)
	at com.mongodb.internal.dns.DefaultDnsResolver.resolveHostFromSrvRecords(DefaultDnsResolver.java:78)
	... 2 common frames omitted
Caused by: javax.naming.NameNotFoundException: DNS name not found [response code 3]
	at jdk.naming.dns/com.sun.jndi.dns.DnsClient.checkResponseCode(DnsClient.java:726)
	at jdk.naming.dns/com.sun.jndi.dns.DnsClient.isMatchResponse(DnsClient.java:644)
	at jdk.naming.dns/com.sun.jndi.dns.DnsClient.doUdpQuery(DnsClient.java:463)
	at jdk.naming.dns/com.sun.jndi.dns.DnsClient.query(DnsClient.java:247)
	at jdk.naming.dns/com.sun.jndi.dns.Resolver.query(Resolver.java:81)
	at jdk.naming.dns/com.sun.jndi.dns.DnsContext.c_getAttributes(DnsContext.java:434)
	at java.naming/com.sun.jndi.toolkit.ctx.ComponentDirContext.p_getAttributes(ComponentDirContext.java:235)
	at java.naming/com.sun.jndi.toolkit.ctx.PartialCompositeDirContext.getAttributes(PartialCompositeDirContext.java:141)
	at java.naming/com.sun.jndi.toolkit.ctx.PartialCompositeDirContext.getAttributes(PartialCompositeDirContext.java:129)
	at java.naming/javax.naming.directory.InitialDirContext.getAttributes(InitialDirContext.java:171)
	at com.mongodb.internal.dns.JndiDnsClient.getResourceRecordData(JndiDnsClient.java:41)
	... 3 common frames omitted
2025-05-03 16:51:50 [cluster-ClusterId{value='681611522bb25d23659a44df', description='null'}-srv-cluster0.8qgqg.mongodb.net] INFO  org.mongodb.driver.cluster - Exception while resolving SRV records
com.mongodb.MongoConfigurationException: Failed looking up SRV record for '_mongodb._tcp.cluster0.8qgqg.mongodb.net'.
	at com.mongodb.internal.dns.DefaultDnsResolver.resolveHostFromSrvRecords(DefaultDnsResolver.java:96)
	at com.mongodb.internal.connection.DefaultDnsSrvRecordMonitor$DnsSrvRecordMonitorRunnable.run(DefaultDnsSrvRecordMonitor.java:80)
	at java.base/java.lang.Thread.run(Thread.java:1583)
Caused by: com.mongodb.spi.dns.DnsWithResponseCodeException: DNS name not found [response code 3]
	at com.mongodb.internal.dns.JndiDnsClient.getResourceRecordData(JndiDnsClient.java:52)
	at com.mongodb.internal.dns.DefaultDnsResolver.resolveHostFromSrvRecords(DefaultDnsResolver.java:78)
	... 2 common frames omitted
Caused by: javax.naming.NameNotFoundException: DNS name not found [response code 3]
	at jdk.naming.dns/com.sun.jndi.dns.DnsClient.checkResponseCode(DnsClient.java:726)
	at jdk.naming.dns/com.sun.jndi.dns.DnsClient.isMatchResponse(DnsClient.java:644)
	at jdk.naming.dns/com.sun.jndi.dns.DnsClient.doUdpQuery(DnsClient.java:463)
	at jdk.naming.dns/com.sun.jndi.dns.DnsClient.query(DnsClient.java:247)
	at jdk.naming.dns/com.sun.jndi.dns.Resolver.query(Resolver.java:81)
	at jdk.naming.dns/com.sun.jndi.dns.DnsContext.c_getAttributes(DnsContext.java:434)
	at java.naming/com.sun.jndi.toolkit.ctx.ComponentDirContext.p_getAttributes(ComponentDirContext.java:235)
	at java.naming/com.sun.jndi.toolkit.ctx.PartialCompositeDirContext.getAttributes(PartialCompositeDirContext.java:141)
	at java.naming/com.sun.jndi.toolkit.ctx.PartialCompositeDirContext.getAttributes(PartialCompositeDirContext.java:129)
	at java.naming/javax.naming.directory.InitialDirContext.getAttributes(InitialDirContext.java:171)
	at com.mongodb.internal.dns.JndiDnsClient.getResourceRecordData(JndiDnsClient.java:41)
	... 3 common frames omitted
2025-05-03 16:52:00 [cluster-ClusterId{value='681611522bb25d23659a44df', description='null'}-srv-cluster0.8qgqg.mongodb.net] INFO  org.mongodb.driver.cluster - Exception while resolving SRV records
com.mongodb.MongoConfigurationException: Failed looking up SRV record for '_mongodb._tcp.cluster0.8qgqg.mongodb.net'.
	at com.mongodb.internal.dns.DefaultDnsResolver.resolveHostFromSrvRecords(DefaultDnsResolver.java:96)
	at com.mongodb.internal.connection.DefaultDnsSrvRecordMonitor$DnsSrvRecordMonitorRunnable.run(DefaultDnsSrvRecordMonitor.java:80)
	at java.base/java.lang.Thread.run(Thread.java:1583)
Caused by: com.mongodb.spi.dns.DnsWithResponseCodeException: DNS name not found [response code 3]
	at com.mongodb.internal.dns.JndiDnsClient.getResourceRecordData(JndiDnsClient.java:52)
	at com.mongodb.internal.dns.DefaultDnsResolver.resolveHostFromSrvRecords(DefaultDnsResolver.java:78)
	... 2 common frames omitted
Caused by: javax.naming.NameNotFoundException: DNS name not found [response code 3]
	at jdk.naming.dns/com.sun.jndi.dns.DnsClient.checkResponseCode(DnsClient.java:726)
	at jdk.naming.dns/com.sun.jndi.dns.DnsClient.isMatchResponse(DnsClient.java:644)
	at jdk.naming.dns/com.sun.jndi.dns.DnsClient.doUdpQuery(DnsClient.java:463)
	at jdk.naming.dns/com.sun.jndi.dns.DnsClient.query(DnsClient.java:247)
	at jdk.naming.dns/com.sun.jndi.dns.Resolver.query(Resolver.java:81)
	at jdk.naming.dns/com.sun.jndi.dns.DnsContext.c_getAttributes(DnsContext.java:434)
	at java.naming/com.sun.jndi.toolkit.ctx.ComponentDirContext.p_getAttributes(ComponentDirContext.java:235)
	at java.naming/com.sun.jndi.toolkit.ctx.PartialCompositeDirContext.getAttributes(PartialCompositeDirContext.java:141)
	at java.naming/com.sun.jndi.toolkit.ctx.PartialCompositeDirContext.getAttributes(PartialCompositeDirContext.java:129)
	at java.naming/javax.naming.directory.InitialDirContext.getAttributes(InitialDirContext.java:171)
	at com.mongodb.internal.dns.JndiDnsClient.getResourceRecordData(JndiDnsClient.java:41)
	... 3 common frames omitted
2025-05-03 16:52:00 [main] WARN  o.s.b.w.s.c.AnnotationConfigServletWebServerApplicationContext - Exception encountered during context initialization - cancelling refresh attempt: org.springframework.beans.factory.BeanCreationException: Error creating bean with name 'initialDataConfig': Invocation of init method failed
2025-05-03 16:52:00 [main] INFO  o.a.catalina.core.StandardService - Stopping service [Tomcat]
2025-05-03 16:52:00 [main] WARN  o.a.c.loader.WebappClassLoaderBase - The web application [api#v1] appears to have started a thread named [BufferPoolPruner-1-thread-1] but has failed to stop it. This is very likely to create a memory leak. Stack trace of thread:
 java.base/jdk.internal.misc.Unsafe.park(Native Method)
 java.base/java.util.concurrent.locks.LockSupport.parkNanos(LockSupport.java:269)
 java.base/java.util.concurrent.locks.AbstractQueuedSynchronizer$ConditionObject.awaitNanos(AbstractQueuedSynchronizer.java:1763)
 java.base/java.util.concurrent.ScheduledThreadPoolExecutor$DelayedWorkQueue.take(ScheduledThreadPoolExecutor.java:1182)
 java.base/java.util.concurrent.ScheduledThreadPoolExecutor$DelayedWorkQueue.take(ScheduledThreadPoolExecutor.java:899)
 java.base/java.util.concurrent.ThreadPoolExecutor.getTask(ThreadPoolExecutor.java:1070)
 java.base/java.util.concurrent.ThreadPoolExecutor.runWorker(ThreadPoolExecutor.java:1130)
 java.base/java.util.concurrent.ThreadPoolExecutor$Worker.run(ThreadPoolExecutor.java:642)
 java.base/java.lang.Thread.run(Thread.java:1583)
2025-05-03 16:52:00 [main] INFO  o.s.b.a.l.ConditionEvaluationReportLogger - 

Error starting ApplicationContext. To display the condition evaluation report re-run your application with 'debug' enabled.
2025-05-03 16:52:00 [main] ERROR o.s.boot.SpringApplication - Application run failed
org.springframework.beans.factory.BeanCreationException: Error creating bean with name 'initialDataConfig': Invocation of init method failed
	at org.springframework.beans.factory.annotation.InitDestroyAnnotationBeanPostProcessor.postProcessBeforeInitialization(InitDestroyAnnotationBeanPostProcessor.java:222)
	at org.springframework.beans.factory.support.AbstractAutowireCapableBeanFactory.applyBeanPostProcessorsBeforeInitialization(AbstractAutowireCapableBeanFactory.java:422)
	at org.springframework.beans.factory.support.AbstractAutowireCapableBeanFactory.initializeBean(AbstractAutowireCapableBeanFactory.java:1778)
	at org.springframework.beans.factory.support.AbstractAutowireCapableBeanFactory.doCreateBean(AbstractAutowireCapableBeanFactory.java:600)
	at org.springframework.beans.factory.support.AbstractAutowireCapableBeanFactory.createBean(AbstractAutowireCapableBeanFactory.java:522)
	at org.springframework.beans.factory.support.AbstractBeanFactory.lambda$doGetBean$0(AbstractBeanFactory.java:326)
	at org.springframework.beans.factory.support.DefaultSingletonBeanRegistry.getSingleton(DefaultSingletonBeanRegistry.java:234)
	at org.springframework.beans.factory.support.AbstractBeanFactory.doGetBean(AbstractBeanFactory.java:324)
	at org.springframework.beans.factory.support.AbstractBeanFactory.getBean(AbstractBeanFactory.java:200)
	at org.springframework.beans.factory.support.DefaultListableBeanFactory.preInstantiateSingletons(DefaultListableBeanFactory.java:975)
	at org.springframework.context.support.AbstractApplicationContext.finishBeanFactoryInitialization(AbstractApplicationContext.java:962)
	at org.springframework.context.support.AbstractApplicationContext.refresh(AbstractApplicationContext.java:624)
	at org.springframework.boot.web.servlet.context.ServletWebServerApplicationContext.refresh(ServletWebServerApplicationContext.java:146)
	at org.springframework.boot.SpringApplication.refresh(SpringApplication.java:754)
	at org.springframework.boot.SpringApplication.refreshContext(SpringApplication.java:456)
	at org.springframework.boot.SpringApplication.run(SpringApplication.java:334)
	at org.springframework.boot.SpringApplication.run(SpringApplication.java:1354)
	at org.springframework.boot.SpringApplication.run(SpringApplication.java:1343)
	at com.shemeel.portfolio.PortfolioApplication.main(PortfolioApplication.java:17)
Caused by: org.springframework.dao.DataAccessResourceFailureException: Timed out after 30000 ms while waiting for a server that matches ReadPreferenceServerSelector{readPreference=primary}. Client view of cluster state is {type=UNKNOWN, srvResolutionException=com.mongodb.MongoConfigurationException: Failed looking up SRV record for '_mongodb._tcp.cluster0.8qgqg.mongodb.net'., servers=[]
	at org.springframework.data.mongodb.core.MongoExceptionTranslator.translateExceptionIfPossible(MongoExceptionTranslator.java:88)
	at org.springframework.data.mongodb.core.MongoTemplate.potentiallyConvertRuntimeException(MongoTemplate.java:2997)
	at org.springframework.data.mongodb.core.MongoTemplate.execute(MongoTemplate.java:603)
	at org.springframework.data.mongodb.core.MongoTemplate.doExactCount(MongoTemplate.java:1225)
	at org.springframework.data.mongodb.core.MongoTemplate.doCount(MongoTemplate.java:1194)
	at org.springframework.data.mongodb.core.MongoTemplate.count(MongoTemplate.java:1183)
	at org.springframework.data.mongodb.core.MongoTemplate.count(MongoTemplate.java:1164)
	at org.springframework.data.mongodb.repository.support.SimpleMongoRepository.count(SimpleMongoRepository.java:160)
	at java.base/jdk.internal.reflect.DirectMethodHandleAccessor.invoke(DirectMethodHandleAccessor.java:103)
	at java.base/java.lang.reflect.Method.invoke(Method.java:580)
	at org.springframework.aop.support.AopUtils.invokeJoinpointUsingReflection(AopUtils.java:351)
	at org.springframework.data.repository.core.support.RepositoryMethodInvoker$RepositoryFragmentMethodInvoker.lambda$new$0(RepositoryMethodInvoker.java:277)
	at org.springframework.data.repository.core.support.RepositoryMethodInvoker.doInvoke(RepositoryMethodInvoker.java:170)
	at org.springframework.data.repository.core.support.RepositoryMethodInvoker.invoke(RepositoryMethodInvoker.java:158)
	at org.springframework.data.repository.core.support.RepositoryComposition$RepositoryFragments.invoke(RepositoryComposition.java:516)
	at org.springframework.data.repository.core.support.RepositoryComposition.invoke(RepositoryComposition.java:285)
	at org.springframework.data.repository.core.support.RepositoryFactorySupport$ImplementationMethodExecutionInterceptor.invoke(RepositoryFactorySupport.java:628)
	at org.springframework.aop.framework.ReflectiveMethodInvocation.proceed(ReflectiveMethodInvocation.java:184)
	at org.springframework.data.repository.core.support.QueryExecutorMethodInterceptor.doInvoke(QueryExecutorMethodInterceptor.java:168)
	at org.springframework.data.repository.core.support.QueryExecutorMethodInterceptor.invoke(QueryExecutorMethodInterceptor.java:143)
	at org.springframework.aop.framework.ReflectiveMethodInvocation.proceed(ReflectiveMethodInvocation.java:184)
	at org.springframework.data.projection.DefaultMethodInvokingMethodInterceptor.invoke(DefaultMethodInvokingMethodInterceptor.java:70)
	at org.springframework.aop.framework.ReflectiveMethodInvocation.proceed(ReflectiveMethodInvocation.java:184)
	at org.springframework.data.mongodb.repository.support.CrudMethodMetadataPostProcessor$CrudMethodMetadataPopulatingMethodInterceptor.invoke(CrudMethodMetadataPostProcessor.java:158)
	at org.springframework.aop.framework.ReflectiveMethodInvocation.proceed(ReflectiveMethodInvocation.java:184)
	at org.springframework.aop.interceptor.ExposeInvocationInterceptor.invoke(ExposeInvocationInterceptor.java:97)
	at org.springframework.aop.framework.ReflectiveMethodInvocation.proceed(ReflectiveMethodInvocation.java:184)
	at org.springframework.aop.framework.JdkDynamicAopProxy.invoke(JdkDynamicAopProxy.java:220)
	at jdk.proxy2/jdk.proxy2.$Proxy82.count(Unknown Source)
	at java.base/jdk.internal.reflect.DirectMethodHandleAccessor.invoke(DirectMethodHandleAccessor.java:103)
	at java.base/java.lang.reflect.Method.invoke(Method.java:580)
	at org.springframework.aop.support.AopUtils.invokeJoinpointUsingReflection(AopUtils.java:351)
	at org.springframework.aop.framework.ReflectiveMethodInvocation.invokeJoinpoint(ReflectiveMethodInvocation.java:196)
	at org.springframework.aop.framework.ReflectiveMethodInvocation.proceed(ReflectiveMethodInvocation.java:163)
	at org.springframework.dao.support.PersistenceExceptionTranslationInterceptor.invoke(PersistenceExceptionTranslationInterceptor.java:137)
	at org.springframework.aop.framework.ReflectiveMethodInvocation.proceed(ReflectiveMethodInvocation.java:184)
	at org.springframework.aop.framework.JdkDynamicAopProxy.invoke(JdkDynamicAopProxy.java:220)
	at jdk.proxy2/jdk.proxy2.$Proxy82.count(Unknown Source)
	at com.shemeel.portfolio.config.InitialDataConfig.init(InitialDataConfig.java:18)
	at java.base/jdk.internal.reflect.DirectMethodHandleAccessor.invoke(DirectMethodHandleAccessor.java:103)
	at java.base/java.lang.reflect.Method.invoke(Method.java:580)
	at org.springframework.beans.factory.annotation.InitDestroyAnnotationBeanPostProcessor$LifecycleMethod.invoke(InitDestroyAnnotationBeanPostProcessor.java:457)
	at org.springframework.beans.factory.annotation.InitDestroyAnnotationBeanPostProcessor$LifecycleMetadata.invokeInitMethods(InitDestroyAnnotationBeanPostProcessor.java:401)
	at org.springframework.beans.factory.annotation.InitDestroyAnnotationBeanPostProcessor.postProcessBeforeInitialization(InitDestroyAnnotationBeanPostProcessor.java:219)
	... 18 common frames omitted
Caused by: com.mongodb.MongoTimeoutException: Timed out after 30000 ms while waiting for a server that matches ReadPreferenceServerSelector{readPreference=primary}. Client view of cluster state is {type=UNKNOWN, srvResolutionException=com.mongodb.MongoConfigurationException: Failed looking up SRV record for '_mongodb._tcp.cluster0.8qgqg.mongodb.net'., servers=[]
	at com.mongodb.internal.connection.BaseCluster.createTimeoutException(BaseCluster.java:380)
	at com.mongodb.internal.connection.BaseCluster.selectServer(BaseCluster.java:125)
	at com.mongodb.internal.connection.AbstractMultiServerCluster.selectServer(AbstractMultiServerCluster.java:54)
	at com.mongodb.internal.binding.ClusterBinding.getReadConnectionSource(ClusterBinding.java:116)
	at com.mongodb.client.internal.ClientSessionBinding.getConnectionSource(ClientSessionBinding.java:128)
	at com.mongodb.client.internal.ClientSessionBinding.getReadConnectionSource(ClientSessionBinding.java:92)
	at com.mongodb.internal.operation.SyncOperationHelper.withSuppliedResource(SyncOperationHelper.java:144)
	at com.mongodb.internal.operation.SyncOperationHelper.withSourceAndConnection(SyncOperationHelper.java:125)
	at com.mongodb.internal.operation.SyncOperationHelper.lambda$executeRetryableRead$4(SyncOperationHelper.java:189)
	at com.mongodb.internal.operation.SyncOperationHelper.lambda$decorateReadWithRetries$12(SyncOperationHelper.java:292)
	at com.mongodb.internal.async.function.RetryingSyncSupplier.get(RetryingSyncSupplier.java:67)
	at com.mongodb.internal.operation.SyncOperationHelper.executeRetryableRead(SyncOperationHelper.java:194)
	at com.mongodb.internal.operation.SyncOperationHelper.executeRetryableRead(SyncOperationHelper.java:176)
	at com.mongodb.internal.operation.AggregateOperationImpl.execute(AggregateOperationImpl.java:193)
	at com.mongodb.internal.operation.AggregateOperation.execute(AggregateOperation.java:153)
	at com.mongodb.internal.operation.CountDocumentsOperation.execute(CountDocumentsOperation.java:134)
	at com.mongodb.internal.operation.CountDocumentsOperation.execute(CountDocumentsOperation.java:41)
	at com.mongodb.client.internal.MongoClientDelegate$DelegateOperationExecutor.execute(MongoClientDelegate.java:153)
	at com.mongodb.client.internal.MongoCollectionImpl.executeCount(MongoCollectionImpl.java:227)
	at com.mongodb.client.internal.MongoCollectionImpl.countDocuments(MongoCollectionImpl.java:197)
	at org.springframework.data.mongodb.core.MongoTemplate.lambda$doExactCount$15(MongoTemplate.java:1226)
	at org.springframework.data.mongodb.core.MongoTemplate.execute(MongoTemplate.java:601)
	... 59 common frames omitted
2025-05-03 16:52:20 [main] INFO  c.s.portfolio.PortfolioApplication - Starting PortfolioApplication using Java 21.0.6 with PID 17475 (/Users/muhammedshemeeladmin/cursor/shemeel-portfolio-web/backend/target/classes started by muhammedshemeeladmin in /Users/muhammedshemeeladmin/cursor/shemeel-portfolio-web/backend)
2025-05-03 16:52:20 [main] DEBUG c.s.portfolio.PortfolioApplication - Running with Spring Boot v3.2.4, Spring v6.1.5
2025-05-03 16:52:20 [main] INFO  c.s.portfolio.PortfolioApplication - No active profile set, falling back to 1 default profile: "default"
2025-05-03 16:52:20 [main] INFO  o.s.d.r.c.RepositoryConfigurationDelegate - Bootstrapping Spring Data MongoDB repositories in DEFAULT mode.
2025-05-03 16:52:20 [main] INFO  o.s.d.r.c.RepositoryConfigurationDelegate - Finished Spring Data repository scanning in 21 ms. Found 5 MongoDB repository interfaces.
2025-05-03 16:52:21 [main] INFO  o.s.b.w.e.tomcat.TomcatWebServer - Tomcat initialized with port 8080 (http)
2025-05-03 16:52:21 [main] INFO  o.a.catalina.core.StandardService - Starting service [Tomcat]
2025-05-03 16:52:21 [main] INFO  o.a.catalina.core.StandardEngine - Starting Servlet engine: [Apache Tomcat/10.1.19]
2025-05-03 16:52:21 [main] INFO  o.a.c.c.C.[.[localhost].[/api/v1] - Initializing Spring embedded WebApplicationContext
2025-05-03 16:52:21 [main] INFO  o.s.b.w.s.c.ServletWebServerApplicationContext - Root WebApplicationContext: initialization completed in 488 ms
2025-05-03 16:52:21 [main] INFO  org.mongodb.driver.client - MongoClient with metadata {"driver": {"name": "mongo-java-driver|sync|spring-boot", "version": "4.11.1"}, "os": {"type": "Darwin", "name": "Mac OS X", "architecture": "aarch64", "version": "15.4.1"}, "platform": "Java/Amazon.com Inc./21.0.6+7-LTS"} created with settings MongoClientSettings{readPreference=primary, writeConcern=WriteConcern{w=majority, wTimeout=null ms, journal=null}, retryWrites=true, retryReads=true, readConcern=ReadConcern{level=null}, credential=MongoCredential{mechanism=null, userName='shemeel', source='portfolio', password=<hidden>, mechanismProperties=<hidden>}, transportSettings=null, streamFactoryFactory=null, commandListeners=[], codecRegistry=ProvidersCodecRegistry{codecProviders=[ValueCodecProvider{}, BsonValueCodecProvider{}, DBRefCodecProvider{}, DBObjectCodecProvider{}, DocumentCodecProvider{}, CollectionCodecProvider{}, IterableCodecProvider{}, MapCodecProvider{}, GeoJsonCodecProvider{}, GridFSFileCodecProvider{}, Jsr310CodecProvider{}, JsonObjectCodecProvider{}, BsonCodecProvider{}, EnumCodecProvider{}, com.mongodb.client.model.mql.ExpressionCodecProvider@467045c4, com.mongodb.Jep395RecordCodecProvider@55736cfe, com.mongodb.KotlinCodecProvider@5a566922]}, loggerSettings=LoggerSettings{maxDocumentLength=1000}, clusterSettings={hosts=[127.0.0.1:27017], srvHost=cluster0.8qgqg.mongodb.net, srvServiceName=mongodb, mode=MULTIPLE, requiredClusterType=UNKNOWN, requiredReplicaSetName='null', serverSelector='null', clusterListeners='[]', serverSelectionTimeout='30000 ms', localThreshold='15 ms'}, socketSettings=SocketSettings{connectTimeoutMS=10000, readTimeoutMS=0, receiveBufferSize=0, proxySettings=ProxySettings{host=null, port=null, username=null, password=null}}, heartbeatSocketSettings=SocketSettings{connectTimeoutMS=10000, readTimeoutMS=10000, receiveBufferSize=0, proxySettings=ProxySettings{host=null, port=null, username=null, password=null}}, connectionPoolSettings=ConnectionPoolSettings{maxSize=100, minSize=0, maxWaitTimeMS=120000, maxConnectionLifeTimeMS=0, maxConnectionIdleTimeMS=0, maintenanceInitialDelayMS=0, maintenanceFrequencyMS=60000, connectionPoolListeners=[], maxConnecting=2}, serverSettings=ServerSettings{heartbeatFrequencyMS=10000, minHeartbeatFrequencyMS=500, serverListeners='[]', serverMonitorListeners='[]'}, sslSettings=SslSettings{enabled=true, invalidHostNameAllowed=false, context=null}, applicationName='null', compressorList=[], uuidRepresentation=JAVA_LEGACY, serverApi=null, autoEncryptionSettings=null, dnsClient=null, inetAddressResolver=null, contextProvider=null}
2025-05-03 16:52:21 [cluster-ClusterId{value='68161185919e71451a848e8a', description='null'}-srv-cluster0.8qgqg.mongodb.net] INFO  org.mongodb.driver.cluster - Exception while resolving SRV records
com.mongodb.MongoConfigurationException: Failed looking up SRV record for '_mongodb._tcp.cluster0.8qgqg.mongodb.net'.
	at com.mongodb.internal.dns.DefaultDnsResolver.resolveHostFromSrvRecords(DefaultDnsResolver.java:96)
	at com.mongodb.internal.connection.DefaultDnsSrvRecordMonitor$DnsSrvRecordMonitorRunnable.run(DefaultDnsSrvRecordMonitor.java:80)
	at java.base/java.lang.Thread.run(Thread.java:1583)
Caused by: com.mongodb.spi.dns.DnsWithResponseCodeException: DNS name not found [response code 3]
	at com.mongodb.internal.dns.JndiDnsClient.getResourceRecordData(JndiDnsClient.java:52)
	at com.mongodb.internal.dns.DefaultDnsResolver.resolveHostFromSrvRecords(DefaultDnsResolver.java:78)
	... 2 common frames omitted
Caused by: javax.naming.NameNotFoundException: DNS name not found [response code 3]
	at jdk.naming.dns/com.sun.jndi.dns.DnsClient.checkResponseCode(DnsClient.java:726)
	at jdk.naming.dns/com.sun.jndi.dns.DnsClient.isMatchResponse(DnsClient.java:644)
	at jdk.naming.dns/com.sun.jndi.dns.DnsClient.doUdpQuery(DnsClient.java:463)
	at jdk.naming.dns/com.sun.jndi.dns.DnsClient.query(DnsClient.java:247)
	at jdk.naming.dns/com.sun.jndi.dns.Resolver.query(Resolver.java:81)
	at jdk.naming.dns/com.sun.jndi.dns.DnsContext.c_getAttributes(DnsContext.java:434)
	at java.naming/com.sun.jndi.toolkit.ctx.ComponentDirContext.p_getAttributes(ComponentDirContext.java:235)
	at java.naming/com.sun.jndi.toolkit.ctx.PartialCompositeDirContext.getAttributes(PartialCompositeDirContext.java:141)
	at java.naming/com.sun.jndi.toolkit.ctx.PartialCompositeDirContext.getAttributes(PartialCompositeDirContext.java:129)
	at java.naming/javax.naming.directory.InitialDirContext.getAttributes(InitialDirContext.java:171)
	at com.mongodb.internal.dns.JndiDnsClient.getResourceRecordData(JndiDnsClient.java:41)
	... 3 common frames omitted
2025-05-03 16:52:21 [main] DEBUG c.s.portfolio.security.ApiKeyFilter - Filter 'apiKeyFilter' configured for use
2025-05-03 16:52:21 [main] DEBUG o.s.data.mongodb.core.MongoTemplate - Executing count: {} in collection: api_keys
2025-05-03 16:52:21 [main] INFO  org.mongodb.driver.cluster - No server chosen by ReadPreferenceServerSelector{readPreference=primary} from cluster description ClusterDescription{type=UNKNOWN, srvResolutionException=com.mongodb.MongoConfigurationException: Failed looking up SRV record for '_mongodb._tcp.cluster0.8qgqg.mongodb.net'., connectionMode=MULTIPLE, serverDescriptions=[]}. Waiting for 30000 ms before timing out
2025-05-03 16:52:31 [cluster-ClusterId{value='68161185919e71451a848e8a', description='null'}-srv-cluster0.8qgqg.mongodb.net] INFO  org.mongodb.driver.cluster - Exception while resolving SRV records
com.mongodb.MongoConfigurationException: Failed looking up SRV record for '_mongodb._tcp.cluster0.8qgqg.mongodb.net'.
	at com.mongodb.internal.dns.DefaultDnsResolver.resolveHostFromSrvRecords(DefaultDnsResolver.java:96)
	at com.mongodb.internal.connection.DefaultDnsSrvRecordMonitor$DnsSrvRecordMonitorRunnable.run(DefaultDnsSrvRecordMonitor.java:80)
	at java.base/java.lang.Thread.run(Thread.java:1583)
Caused by: com.mongodb.spi.dns.DnsWithResponseCodeException: DNS name not found [response code 3]
	at com.mongodb.internal.dns.JndiDnsClient.getResourceRecordData(JndiDnsClient.java:52)
	at com.mongodb.internal.dns.DefaultDnsResolver.resolveHostFromSrvRecords(DefaultDnsResolver.java:78)
	... 2 common frames omitted
Caused by: javax.naming.NameNotFoundException: DNS name not found [response code 3]
	at jdk.naming.dns/com.sun.jndi.dns.DnsClient.checkResponseCode(DnsClient.java:726)
	at jdk.naming.dns/com.sun.jndi.dns.DnsClient.isMatchResponse(DnsClient.java:644)
	at jdk.naming.dns/com.sun.jndi.dns.DnsClient.doUdpQuery(DnsClient.java:463)
	at jdk.naming.dns/com.sun.jndi.dns.DnsClient.query(DnsClient.java:247)
	at jdk.naming.dns/com.sun.jndi.dns.Resolver.query(Resolver.java:81)
	at jdk.naming.dns/com.sun.jndi.dns.DnsContext.c_getAttributes(DnsContext.java:434)
	at java.naming/com.sun.jndi.toolkit.ctx.ComponentDirContext.p_getAttributes(ComponentDirContext.java:235)
	at java.naming/com.sun.jndi.toolkit.ctx.PartialCompositeDirContext.getAttributes(PartialCompositeDirContext.java:141)
	at java.naming/com.sun.jndi.toolkit.ctx.PartialCompositeDirContext.getAttributes(PartialCompositeDirContext.java:129)
	at java.naming/javax.naming.directory.InitialDirContext.getAttributes(InitialDirContext.java:171)
	at com.mongodb.internal.dns.JndiDnsClient.getResourceRecordData(JndiDnsClient.java:41)
	... 3 common frames omitted
2025-05-03 16:52:41 [cluster-ClusterId{value='68161185919e71451a848e8a', description='null'}-srv-cluster0.8qgqg.mongodb.net] INFO  org.mongodb.driver.cluster - Exception while resolving SRV records
com.mongodb.MongoConfigurationException: Failed looking up SRV record for '_mongodb._tcp.cluster0.8qgqg.mongodb.net'.
	at com.mongodb.internal.dns.DefaultDnsResolver.resolveHostFromSrvRecords(DefaultDnsResolver.java:96)
	at com.mongodb.internal.connection.DefaultDnsSrvRecordMonitor$DnsSrvRecordMonitorRunnable.run(DefaultDnsSrvRecordMonitor.java:80)
	at java.base/java.lang.Thread.run(Thread.java:1583)
Caused by: com.mongodb.spi.dns.DnsWithResponseCodeException: DNS name not found [response code 3]
	at com.mongodb.internal.dns.JndiDnsClient.getResourceRecordData(JndiDnsClient.java:52)
	at com.mongodb.internal.dns.DefaultDnsResolver.resolveHostFromSrvRecords(DefaultDnsResolver.java:78)
	... 2 common frames omitted
Caused by: javax.naming.NameNotFoundException: DNS name not found [response code 3]
	at jdk.naming.dns/com.sun.jndi.dns.DnsClient.checkResponseCode(DnsClient.java:726)
	at jdk.naming.dns/com.sun.jndi.dns.DnsClient.isMatchResponse(DnsClient.java:644)
	at jdk.naming.dns/com.sun.jndi.dns.DnsClient.doUdpQuery(DnsClient.java:463)
	at jdk.naming.dns/com.sun.jndi.dns.DnsClient.query(DnsClient.java:247)
	at jdk.naming.dns/com.sun.jndi.dns.Resolver.query(Resolver.java:81)
	at jdk.naming.dns/com.sun.jndi.dns.DnsContext.c_getAttributes(DnsContext.java:434)
	at java.naming/com.sun.jndi.toolkit.ctx.ComponentDirContext.p_getAttributes(ComponentDirContext.java:235)
	at java.naming/com.sun.jndi.toolkit.ctx.PartialCompositeDirContext.getAttributes(PartialCompositeDirContext.java:141)
	at java.naming/com.sun.jndi.toolkit.ctx.PartialCompositeDirContext.getAttributes(PartialCompositeDirContext.java:129)
	at java.naming/javax.naming.directory.InitialDirContext.getAttributes(InitialDirContext.java:171)
	at com.mongodb.internal.dns.JndiDnsClient.getResourceRecordData(JndiDnsClient.java:41)
	... 3 common frames omitted
2025-05-03 16:52:51 [cluster-ClusterId{value='68161185919e71451a848e8a', description='null'}-srv-cluster0.8qgqg.mongodb.net] INFO  org.mongodb.driver.cluster - Exception while resolving SRV records
com.mongodb.MongoConfigurationException: Failed looking up SRV record for '_mongodb._tcp.cluster0.8qgqg.mongodb.net'.
	at com.mongodb.internal.dns.DefaultDnsResolver.resolveHostFromSrvRecords(DefaultDnsResolver.java:96)
	at com.mongodb.internal.connection.DefaultDnsSrvRecordMonitor$DnsSrvRecordMonitorRunnable.run(DefaultDnsSrvRecordMonitor.java:80)
	at java.base/java.lang.Thread.run(Thread.java:1583)
Caused by: com.mongodb.spi.dns.DnsWithResponseCodeException: DNS name not found [response code 3]
	at com.mongodb.internal.dns.JndiDnsClient.getResourceRecordData(JndiDnsClient.java:52)
	at com.mongodb.internal.dns.DefaultDnsResolver.resolveHostFromSrvRecords(DefaultDnsResolver.java:78)
	... 2 common frames omitted
Caused by: javax.naming.NameNotFoundException: DNS name not found [response code 3]
	at jdk.naming.dns/com.sun.jndi.dns.DnsClient.checkResponseCode(DnsClient.java:726)
	at jdk.naming.dns/com.sun.jndi.dns.DnsClient.isMatchResponse(DnsClient.java:644)
	at jdk.naming.dns/com.sun.jndi.dns.DnsClient.doUdpQuery(DnsClient.java:463)
	at jdk.naming.dns/com.sun.jndi.dns.DnsClient.query(DnsClient.java:247)
	at jdk.naming.dns/com.sun.jndi.dns.Resolver.query(Resolver.java:81)
	at jdk.naming.dns/com.sun.jndi.dns.DnsContext.c_getAttributes(DnsContext.java:434)
	at java.naming/com.sun.jndi.toolkit.ctx.ComponentDirContext.p_getAttributes(ComponentDirContext.java:235)
	at java.naming/com.sun.jndi.toolkit.ctx.PartialCompositeDirContext.getAttributes(PartialCompositeDirContext.java:141)
	at java.naming/com.sun.jndi.toolkit.ctx.PartialCompositeDirContext.getAttributes(PartialCompositeDirContext.java:129)
	at java.naming/javax.naming.directory.InitialDirContext.getAttributes(InitialDirContext.java:171)
	at com.mongodb.internal.dns.JndiDnsClient.getResourceRecordData(JndiDnsClient.java:41)
	... 3 common frames omitted
2025-05-03 16:52:51 [main] WARN  o.s.b.w.s.c.AnnotationConfigServletWebServerApplicationContext - Exception encountered during context initialization - cancelling refresh attempt: org.springframework.beans.factory.BeanCreationException: Error creating bean with name 'initialDataConfig': Invocation of init method failed
2025-05-03 16:52:51 [main] INFO  o.a.catalina.core.StandardService - Stopping service [Tomcat]
2025-05-03 16:52:51 [main] WARN  o.a.c.loader.WebappClassLoaderBase - The web application [api#v1] appears to have started a thread named [BufferPoolPruner-1-thread-1] but has failed to stop it. This is very likely to create a memory leak. Stack trace of thread:
 java.base/jdk.internal.misc.Unsafe.park(Native Method)
 java.base/java.util.concurrent.locks.LockSupport.parkNanos(LockSupport.java:269)
 java.base/java.util.concurrent.locks.AbstractQueuedSynchronizer$ConditionObject.awaitNanos(AbstractQueuedSynchronizer.java:1763)
 java.base/java.util.concurrent.ScheduledThreadPoolExecutor$DelayedWorkQueue.take(ScheduledThreadPoolExecutor.java:1182)
 java.base/java.util.concurrent.ScheduledThreadPoolExecutor$DelayedWorkQueue.take(ScheduledThreadPoolExecutor.java:899)
 java.base/java.util.concurrent.ThreadPoolExecutor.getTask(ThreadPoolExecutor.java:1070)
 java.base/java.util.concurrent.ThreadPoolExecutor.runWorker(ThreadPoolExecutor.java:1130)
 java.base/java.util.concurrent.ThreadPoolExecutor$Worker.run(ThreadPoolExecutor.java:642)
 java.base/java.lang.Thread.run(Thread.java:1583)
2025-05-03 16:52:51 [main] INFO  o.s.b.a.l.ConditionEvaluationReportLogger - 

Error starting ApplicationContext. To display the condition evaluation report re-run your application with 'debug' enabled.
2025-05-03 16:52:51 [main] ERROR o.s.boot.SpringApplication - Application run failed
org.springframework.beans.factory.BeanCreationException: Error creating bean with name 'initialDataConfig': Invocation of init method failed
	at org.springframework.beans.factory.annotation.InitDestroyAnnotationBeanPostProcessor.postProcessBeforeInitialization(InitDestroyAnnotationBeanPostProcessor.java:222)
	at org.springframework.beans.factory.support.AbstractAutowireCapableBeanFactory.applyBeanPostProcessorsBeforeInitialization(AbstractAutowireCapableBeanFactory.java:422)
	at org.springframework.beans.factory.support.AbstractAutowireCapableBeanFactory.initializeBean(AbstractAutowireCapableBeanFactory.java:1778)
	at org.springframework.beans.factory.support.AbstractAutowireCapableBeanFactory.doCreateBean(AbstractAutowireCapableBeanFactory.java:600)
	at org.springframework.beans.factory.support.AbstractAutowireCapableBeanFactory.createBean(AbstractAutowireCapableBeanFactory.java:522)
	at org.springframework.beans.factory.support.AbstractBeanFactory.lambda$doGetBean$0(AbstractBeanFactory.java:326)
	at org.springframework.beans.factory.support.DefaultSingletonBeanRegistry.getSingleton(DefaultSingletonBeanRegistry.java:234)
	at org.springframework.beans.factory.support.AbstractBeanFactory.doGetBean(AbstractBeanFactory.java:324)
	at org.springframework.beans.factory.support.AbstractBeanFactory.getBean(AbstractBeanFactory.java:200)
	at org.springframework.beans.factory.support.DefaultListableBeanFactory.preInstantiateSingletons(DefaultListableBeanFactory.java:975)
	at org.springframework.context.support.AbstractApplicationContext.finishBeanFactoryInitialization(AbstractApplicationContext.java:962)
	at org.springframework.context.support.AbstractApplicationContext.refresh(AbstractApplicationContext.java:624)
	at org.springframework.boot.web.servlet.context.ServletWebServerApplicationContext.refresh(ServletWebServerApplicationContext.java:146)
	at org.springframework.boot.SpringApplication.refresh(SpringApplication.java:754)
	at org.springframework.boot.SpringApplication.refreshContext(SpringApplication.java:456)
	at org.springframework.boot.SpringApplication.run(SpringApplication.java:334)
	at org.springframework.boot.SpringApplication.run(SpringApplication.java:1354)
	at org.springframework.boot.SpringApplication.run(SpringApplication.java:1343)
	at com.shemeel.portfolio.PortfolioApplication.main(PortfolioApplication.java:17)
Caused by: org.springframework.dao.DataAccessResourceFailureException: Timed out after 30000 ms while waiting for a server that matches ReadPreferenceServerSelector{readPreference=primary}. Client view of cluster state is {type=UNKNOWN, srvResolutionException=com.mongodb.MongoConfigurationException: Failed looking up SRV record for '_mongodb._tcp.cluster0.8qgqg.mongodb.net'., servers=[]
	at org.springframework.data.mongodb.core.MongoExceptionTranslator.translateExceptionIfPossible(MongoExceptionTranslator.java:88)
	at org.springframework.data.mongodb.core.MongoTemplate.potentiallyConvertRuntimeException(MongoTemplate.java:2997)
	at org.springframework.data.mongodb.core.MongoTemplate.execute(MongoTemplate.java:603)
	at org.springframework.data.mongodb.core.MongoTemplate.doExactCount(MongoTemplate.java:1225)
	at org.springframework.data.mongodb.core.MongoTemplate.doCount(MongoTemplate.java:1194)
	at org.springframework.data.mongodb.core.MongoTemplate.count(MongoTemplate.java:1183)
	at org.springframework.data.mongodb.core.MongoTemplate.count(MongoTemplate.java:1164)
	at org.springframework.data.mongodb.repository.support.SimpleMongoRepository.count(SimpleMongoRepository.java:160)
	at java.base/jdk.internal.reflect.DirectMethodHandleAccessor.invoke(DirectMethodHandleAccessor.java:103)
	at java.base/java.lang.reflect.Method.invoke(Method.java:580)
	at org.springframework.aop.support.AopUtils.invokeJoinpointUsingReflection(AopUtils.java:351)
	at org.springframework.data.repository.core.support.RepositoryMethodInvoker$RepositoryFragmentMethodInvoker.lambda$new$0(RepositoryMethodInvoker.java:277)
	at org.springframework.data.repository.core.support.RepositoryMethodInvoker.doInvoke(RepositoryMethodInvoker.java:170)
	at org.springframework.data.repository.core.support.RepositoryMethodInvoker.invoke(RepositoryMethodInvoker.java:158)
	at org.springframework.data.repository.core.support.RepositoryComposition$RepositoryFragments.invoke(RepositoryComposition.java:516)
	at org.springframework.data.repository.core.support.RepositoryComposition.invoke(RepositoryComposition.java:285)
	at org.springframework.data.repository.core.support.RepositoryFactorySupport$ImplementationMethodExecutionInterceptor.invoke(RepositoryFactorySupport.java:628)
	at org.springframework.aop.framework.ReflectiveMethodInvocation.proceed(ReflectiveMethodInvocation.java:184)
	at org.springframework.data.repository.core.support.QueryExecutorMethodInterceptor.doInvoke(QueryExecutorMethodInterceptor.java:168)
	at org.springframework.data.repository.core.support.QueryExecutorMethodInterceptor.invoke(QueryExecutorMethodInterceptor.java:143)
	at org.springframework.aop.framework.ReflectiveMethodInvocation.proceed(ReflectiveMethodInvocation.java:184)
	at org.springframework.data.projection.DefaultMethodInvokingMethodInterceptor.invoke(DefaultMethodInvokingMethodInterceptor.java:70)
	at org.springframework.aop.framework.ReflectiveMethodInvocation.proceed(ReflectiveMethodInvocation.java:184)
	at org.springframework.data.mongodb.repository.support.CrudMethodMetadataPostProcessor$CrudMethodMetadataPopulatingMethodInterceptor.invoke(CrudMethodMetadataPostProcessor.java:158)
	at org.springframework.aop.framework.ReflectiveMethodInvocation.proceed(ReflectiveMethodInvocation.java:184)
	at org.springframework.aop.interceptor.ExposeInvocationInterceptor.invoke(ExposeInvocationInterceptor.java:97)
	at org.springframework.aop.framework.ReflectiveMethodInvocation.proceed(ReflectiveMethodInvocation.java:184)
	at org.springframework.aop.framework.JdkDynamicAopProxy.invoke(JdkDynamicAopProxy.java:220)
	at jdk.proxy2/jdk.proxy2.$Proxy82.count(Unknown Source)
	at java.base/jdk.internal.reflect.DirectMethodHandleAccessor.invoke(DirectMethodHandleAccessor.java:103)
	at java.base/java.lang.reflect.Method.invoke(Method.java:580)
	at org.springframework.aop.support.AopUtils.invokeJoinpointUsingReflection(AopUtils.java:351)
	at org.springframework.aop.framework.ReflectiveMethodInvocation.invokeJoinpoint(ReflectiveMethodInvocation.java:196)
	at org.springframework.aop.framework.ReflectiveMethodInvocation.proceed(ReflectiveMethodInvocation.java:163)
	at org.springframework.dao.support.PersistenceExceptionTranslationInterceptor.invoke(PersistenceExceptionTranslationInterceptor.java:137)
	at org.springframework.aop.framework.ReflectiveMethodInvocation.proceed(ReflectiveMethodInvocation.java:184)
	at org.springframework.aop.framework.JdkDynamicAopProxy.invoke(JdkDynamicAopProxy.java:220)
	at jdk.proxy2/jdk.proxy2.$Proxy82.count(Unknown Source)
	at com.shemeel.portfolio.config.InitialDataConfig.init(InitialDataConfig.java:18)
	at java.base/jdk.internal.reflect.DirectMethodHandleAccessor.invoke(DirectMethodHandleAccessor.java:103)
	at java.base/java.lang.reflect.Method.invoke(Method.java:580)
	at org.springframework.beans.factory.annotation.InitDestroyAnnotationBeanPostProcessor$LifecycleMethod.invoke(InitDestroyAnnotationBeanPostProcessor.java:457)
	at org.springframework.beans.factory.annotation.InitDestroyAnnotationBeanPostProcessor$LifecycleMetadata.invokeInitMethods(InitDestroyAnnotationBeanPostProcessor.java:401)
	at org.springframework.beans.factory.annotation.InitDestroyAnnotationBeanPostProcessor.postProcessBeforeInitialization(InitDestroyAnnotationBeanPostProcessor.java:219)
	... 18 common frames omitted
Caused by: com.mongodb.MongoTimeoutException: Timed out after 30000 ms while waiting for a server that matches ReadPreferenceServerSelector{readPreference=primary}. Client view of cluster state is {type=UNKNOWN, srvResolutionException=com.mongodb.MongoConfigurationException: Failed looking up SRV record for '_mongodb._tcp.cluster0.8qgqg.mongodb.net'., servers=[]
	at com.mongodb.internal.connection.BaseCluster.createTimeoutException(BaseCluster.java:380)
	at com.mongodb.internal.connection.BaseCluster.selectServer(BaseCluster.java:125)
	at com.mongodb.internal.connection.AbstractMultiServerCluster.selectServer(AbstractMultiServerCluster.java:54)
	at com.mongodb.internal.binding.ClusterBinding.getReadConnectionSource(ClusterBinding.java:116)
	at com.mongodb.client.internal.ClientSessionBinding.getConnectionSource(ClientSessionBinding.java:128)
	at com.mongodb.client.internal.ClientSessionBinding.getReadConnectionSource(ClientSessionBinding.java:92)
	at com.mongodb.internal.operation.SyncOperationHelper.withSuppliedResource(SyncOperationHelper.java:144)
	at com.mongodb.internal.operation.SyncOperationHelper.withSourceAndConnection(SyncOperationHelper.java:125)
	at com.mongodb.internal.operation.SyncOperationHelper.lambda$executeRetryableRead$4(SyncOperationHelper.java:189)
	at com.mongodb.internal.operation.SyncOperationHelper.lambda$decorateReadWithRetries$12(SyncOperationHelper.java:292)
	at com.mongodb.internal.async.function.RetryingSyncSupplier.get(RetryingSyncSupplier.java:67)
	at com.mongodb.internal.operation.SyncOperationHelper.executeRetryableRead(SyncOperationHelper.java:194)
	at com.mongodb.internal.operation.SyncOperationHelper.executeRetryableRead(SyncOperationHelper.java:176)
	at com.mongodb.internal.operation.AggregateOperationImpl.execute(AggregateOperationImpl.java:193)
	at com.mongodb.internal.operation.AggregateOperation.execute(AggregateOperation.java:153)
	at com.mongodb.internal.operation.CountDocumentsOperation.execute(CountDocumentsOperation.java:134)
	at com.mongodb.internal.operation.CountDocumentsOperation.execute(CountDocumentsOperation.java:41)
	at com.mongodb.client.internal.MongoClientDelegate$DelegateOperationExecutor.execute(MongoClientDelegate.java:153)
	at com.mongodb.client.internal.MongoCollectionImpl.executeCount(MongoCollectionImpl.java:227)
	at com.mongodb.client.internal.MongoCollectionImpl.countDocuments(MongoCollectionImpl.java:197)
	at org.springframework.data.mongodb.core.MongoTemplate.lambda$doExactCount$15(MongoTemplate.java:1226)
	at org.springframework.data.mongodb.core.MongoTemplate.execute(MongoTemplate.java:601)
	... 59 common frames omitted
2025-05-03 16:53:04 [main] INFO  c.s.portfolio.PortfolioApplication - Starting PortfolioApplication using Java 21.0.6 with PID 17737 (/Users/muhammedshemeeladmin/cursor/shemeel-portfolio-web/backend/target/classes started by muhammedshemeeladmin in /Users/muhammedshemeeladmin/cursor/shemeel-portfolio-web/backend)
2025-05-03 16:53:04 [main] DEBUG c.s.portfolio.PortfolioApplication - Running with Spring Boot v3.2.4, Spring v6.1.5
2025-05-03 16:53:04 [main] INFO  c.s.portfolio.PortfolioApplication - No active profile set, falling back to 1 default profile: "default"
2025-05-03 16:53:04 [main] INFO  o.s.d.r.c.RepositoryConfigurationDelegate - Bootstrapping Spring Data MongoDB repositories in DEFAULT mode.
2025-05-03 16:53:04 [main] INFO  o.s.d.r.c.RepositoryConfigurationDelegate - Finished Spring Data repository scanning in 19 ms. Found 5 MongoDB repository interfaces.
2025-05-03 16:53:04 [main] INFO  o.s.b.w.e.tomcat.TomcatWebServer - Tomcat initialized with port 8080 (http)
2025-05-03 16:53:04 [main] INFO  o.a.catalina.core.StandardService - Starting service [Tomcat]
2025-05-03 16:53:04 [main] INFO  o.a.catalina.core.StandardEngine - Starting Servlet engine: [Apache Tomcat/10.1.19]
2025-05-03 16:53:04 [main] INFO  o.a.c.c.C.[.[localhost].[/api/v1] - Initializing Spring embedded WebApplicationContext
2025-05-03 16:53:04 [main] INFO  o.s.b.w.s.c.ServletWebServerApplicationContext - Root WebApplicationContext: initialization completed in 424 ms
2025-05-03 16:53:05 [main] INFO  org.mongodb.driver.client - MongoClient with metadata {"driver": {"name": "mongo-java-driver|sync|spring-boot", "version": "4.11.1"}, "os": {"type": "Darwin", "name": "Mac OS X", "architecture": "aarch64", "version": "15.4.1"}, "platform": "Java/Amazon.com Inc./21.0.6+7-LTS"} created with settings MongoClientSettings{readPreference=primary, writeConcern=WriteConcern{w=majority, wTimeout=null ms, journal=null}, retryWrites=true, retryReads=true, readConcern=ReadConcern{level=null}, credential=MongoCredential{mechanism=null, userName='shemeel', source='portfolio', password=<hidden>, mechanismProperties=<hidden>}, transportSettings=null, streamFactoryFactory=null, commandListeners=[], codecRegistry=ProvidersCodecRegistry{codecProviders=[ValueCodecProvider{}, BsonValueCodecProvider{}, DBRefCodecProvider{}, DBObjectCodecProvider{}, DocumentCodecProvider{}, CollectionCodecProvider{}, IterableCodecProvider{}, MapCodecProvider{}, GeoJsonCodecProvider{}, GridFSFileCodecProvider{}, Jsr310CodecProvider{}, JsonObjectCodecProvider{}, BsonCodecProvider{}, EnumCodecProvider{}, com.mongodb.client.model.mql.ExpressionCodecProvider@16ee9aa7, com.mongodb.Jep395RecordCodecProvider@4e424582, com.mongodb.KotlinCodecProvider@58dad04a]}, loggerSettings=LoggerSettings{maxDocumentLength=1000}, clusterSettings={hosts=[127.0.0.1:27017], srvHost=cluster0.8qgqg.mongodb.net, srvServiceName=mongodb, mode=MULTIPLE, requiredClusterType=UNKNOWN, requiredReplicaSetName='null', serverSelector='null', clusterListeners='[]', serverSelectionTimeout='30000 ms', localThreshold='15 ms'}, socketSettings=SocketSettings{connectTimeoutMS=10000, readTimeoutMS=0, receiveBufferSize=0, proxySettings=ProxySettings{host=null, port=null, username=null, password=null}}, heartbeatSocketSettings=SocketSettings{connectTimeoutMS=10000, readTimeoutMS=10000, receiveBufferSize=0, proxySettings=ProxySettings{host=null, port=null, username=null, password=null}}, connectionPoolSettings=ConnectionPoolSettings{maxSize=100, minSize=0, maxWaitTimeMS=120000, maxConnectionLifeTimeMS=0, maxConnectionIdleTimeMS=0, maintenanceInitialDelayMS=0, maintenanceFrequencyMS=60000, connectionPoolListeners=[], maxConnecting=2}, serverSettings=ServerSettings{heartbeatFrequencyMS=10000, minHeartbeatFrequencyMS=500, serverListeners='[]', serverMonitorListeners='[]'}, sslSettings=SslSettings{enabled=true, invalidHostNameAllowed=false, context=null}, applicationName='null', compressorList=[], uuidRepresentation=JAVA_LEGACY, serverApi=null, autoEncryptionSettings=null, dnsClient=null, inetAddressResolver=null, contextProvider=null}
2025-05-03 16:53:05 [cluster-ClusterId{value='681611b185b1ea5b0fbf81a5', description='null'}-srv-cluster0.8qgqg.mongodb.net] INFO  org.mongodb.driver.cluster - Exception while resolving SRV records
com.mongodb.MongoConfigurationException: Failed looking up SRV record for '_mongodb._tcp.cluster0.8qgqg.mongodb.net'.
	at com.mongodb.internal.dns.DefaultDnsResolver.resolveHostFromSrvRecords(DefaultDnsResolver.java:96)
	at com.mongodb.internal.connection.DefaultDnsSrvRecordMonitor$DnsSrvRecordMonitorRunnable.run(DefaultDnsSrvRecordMonitor.java:80)
	at java.base/java.lang.Thread.run(Thread.java:1583)
Caused by: com.mongodb.spi.dns.DnsWithResponseCodeException: DNS name not found [response code 3]
	at com.mongodb.internal.dns.JndiDnsClient.getResourceRecordData(JndiDnsClient.java:52)
	at com.mongodb.internal.dns.DefaultDnsResolver.resolveHostFromSrvRecords(DefaultDnsResolver.java:78)
	... 2 common frames omitted
Caused by: javax.naming.NameNotFoundException: DNS name not found [response code 3]
	at jdk.naming.dns/com.sun.jndi.dns.DnsClient.checkResponseCode(DnsClient.java:726)
	at jdk.naming.dns/com.sun.jndi.dns.DnsClient.isMatchResponse(DnsClient.java:644)
	at jdk.naming.dns/com.sun.jndi.dns.DnsClient.doUdpQuery(DnsClient.java:463)
	at jdk.naming.dns/com.sun.jndi.dns.DnsClient.query(DnsClient.java:247)
	at jdk.naming.dns/com.sun.jndi.dns.Resolver.query(Resolver.java:81)
	at jdk.naming.dns/com.sun.jndi.dns.DnsContext.c_getAttributes(DnsContext.java:434)
	at java.naming/com.sun.jndi.toolkit.ctx.ComponentDirContext.p_getAttributes(ComponentDirContext.java:235)
	at java.naming/com.sun.jndi.toolkit.ctx.PartialCompositeDirContext.getAttributes(PartialCompositeDirContext.java:141)
	at java.naming/com.sun.jndi.toolkit.ctx.PartialCompositeDirContext.getAttributes(PartialCompositeDirContext.java:129)
	at java.naming/javax.naming.directory.InitialDirContext.getAttributes(InitialDirContext.java:171)
	at com.mongodb.internal.dns.JndiDnsClient.getResourceRecordData(JndiDnsClient.java:41)
	... 3 common frames omitted
2025-05-03 16:53:05 [main] DEBUG c.s.portfolio.security.ApiKeyFilter - Filter 'apiKeyFilter' configured for use
2025-05-03 16:53:05 [main] DEBUG o.s.data.mongodb.core.MongoTemplate - Executing count: {} in collection: api_keys
2025-05-03 16:53:05 [main] INFO  org.mongodb.driver.cluster - No server chosen by ReadPreferenceServerSelector{readPreference=primary} from cluster description ClusterDescription{type=UNKNOWN, srvResolutionException=com.mongodb.MongoConfigurationException: Failed looking up SRV record for '_mongodb._tcp.cluster0.8qgqg.mongodb.net'., connectionMode=MULTIPLE, serverDescriptions=[]}. Waiting for 30000 ms before timing out
2025-05-03 16:53:15 [cluster-ClusterId{value='681611b185b1ea5b0fbf81a5', description='null'}-srv-cluster0.8qgqg.mongodb.net] INFO  org.mongodb.driver.cluster - Exception while resolving SRV records
com.mongodb.MongoConfigurationException: Failed looking up SRV record for '_mongodb._tcp.cluster0.8qgqg.mongodb.net'.
	at com.mongodb.internal.dns.DefaultDnsResolver.resolveHostFromSrvRecords(DefaultDnsResolver.java:96)
	at com.mongodb.internal.connection.DefaultDnsSrvRecordMonitor$DnsSrvRecordMonitorRunnable.run(DefaultDnsSrvRecordMonitor.java:80)
	at java.base/java.lang.Thread.run(Thread.java:1583)
Caused by: com.mongodb.spi.dns.DnsWithResponseCodeException: DNS name not found [response code 3]
	at com.mongodb.internal.dns.JndiDnsClient.getResourceRecordData(JndiDnsClient.java:52)
	at com.mongodb.internal.dns.DefaultDnsResolver.resolveHostFromSrvRecords(DefaultDnsResolver.java:78)
	... 2 common frames omitted
Caused by: javax.naming.NameNotFoundException: DNS name not found [response code 3]
	at jdk.naming.dns/com.sun.jndi.dns.DnsClient.checkResponseCode(DnsClient.java:726)
	at jdk.naming.dns/com.sun.jndi.dns.DnsClient.isMatchResponse(DnsClient.java:644)
	at jdk.naming.dns/com.sun.jndi.dns.DnsClient.doUdpQuery(DnsClient.java:463)
	at jdk.naming.dns/com.sun.jndi.dns.DnsClient.query(DnsClient.java:247)
	at jdk.naming.dns/com.sun.jndi.dns.Resolver.query(Resolver.java:81)
	at jdk.naming.dns/com.sun.jndi.dns.DnsContext.c_getAttributes(DnsContext.java:434)
	at java.naming/com.sun.jndi.toolkit.ctx.ComponentDirContext.p_getAttributes(ComponentDirContext.java:235)
	at java.naming/com.sun.jndi.toolkit.ctx.PartialCompositeDirContext.getAttributes(PartialCompositeDirContext.java:141)
	at java.naming/com.sun.jndi.toolkit.ctx.PartialCompositeDirContext.getAttributes(PartialCompositeDirContext.java:129)
	at java.naming/javax.naming.directory.InitialDirContext.getAttributes(InitialDirContext.java:171)
	at com.mongodb.internal.dns.JndiDnsClient.getResourceRecordData(JndiDnsClient.java:41)
	... 3 common frames omitted
2025-05-03 16:53:25 [cluster-ClusterId{value='681611b185b1ea5b0fbf81a5', description='null'}-srv-cluster0.8qgqg.mongodb.net] INFO  org.mongodb.driver.cluster - Exception while resolving SRV records
com.mongodb.MongoConfigurationException: Failed looking up SRV record for '_mongodb._tcp.cluster0.8qgqg.mongodb.net'.
	at com.mongodb.internal.dns.DefaultDnsResolver.resolveHostFromSrvRecords(DefaultDnsResolver.java:96)
	at com.mongodb.internal.connection.DefaultDnsSrvRecordMonitor$DnsSrvRecordMonitorRunnable.run(DefaultDnsSrvRecordMonitor.java:80)
	at java.base/java.lang.Thread.run(Thread.java:1583)
Caused by: com.mongodb.spi.dns.DnsWithResponseCodeException: DNS name not found [response code 3]
	at com.mongodb.internal.dns.JndiDnsClient.getResourceRecordData(JndiDnsClient.java:52)
	at com.mongodb.internal.dns.DefaultDnsResolver.resolveHostFromSrvRecords(DefaultDnsResolver.java:78)
	... 2 common frames omitted
Caused by: javax.naming.NameNotFoundException: DNS name not found [response code 3]
	at jdk.naming.dns/com.sun.jndi.dns.DnsClient.checkResponseCode(DnsClient.java:726)
	at jdk.naming.dns/com.sun.jndi.dns.DnsClient.isMatchResponse(DnsClient.java:644)
	at jdk.naming.dns/com.sun.jndi.dns.DnsClient.doUdpQuery(DnsClient.java:463)
	at jdk.naming.dns/com.sun.jndi.dns.DnsClient.query(DnsClient.java:247)
	at jdk.naming.dns/com.sun.jndi.dns.Resolver.query(Resolver.java:81)
	at jdk.naming.dns/com.sun.jndi.dns.DnsContext.c_getAttributes(DnsContext.java:434)
	at java.naming/com.sun.jndi.toolkit.ctx.ComponentDirContext.p_getAttributes(ComponentDirContext.java:235)
	at java.naming/com.sun.jndi.toolkit.ctx.PartialCompositeDirContext.getAttributes(PartialCompositeDirContext.java:141)
	at java.naming/com.sun.jndi.toolkit.ctx.PartialCompositeDirContext.getAttributes(PartialCompositeDirContext.java:129)
	at java.naming/javax.naming.directory.InitialDirContext.getAttributes(InitialDirContext.java:171)
	at com.mongodb.internal.dns.JndiDnsClient.getResourceRecordData(JndiDnsClient.java:41)
	... 3 common frames omitted
2025-05-03 16:53:35 [cluster-ClusterId{value='681611b185b1ea5b0fbf81a5', description='null'}-srv-cluster0.8qgqg.mongodb.net] INFO  org.mongodb.driver.cluster - Exception while resolving SRV records
com.mongodb.MongoConfigurationException: Failed looking up SRV record for '_mongodb._tcp.cluster0.8qgqg.mongodb.net'.
	at com.mongodb.internal.dns.DefaultDnsResolver.resolveHostFromSrvRecords(DefaultDnsResolver.java:96)
	at com.mongodb.internal.connection.DefaultDnsSrvRecordMonitor$DnsSrvRecordMonitorRunnable.run(DefaultDnsSrvRecordMonitor.java:80)
	at java.base/java.lang.Thread.run(Thread.java:1583)
Caused by: com.mongodb.spi.dns.DnsWithResponseCodeException: DNS name not found [response code 3]
	at com.mongodb.internal.dns.JndiDnsClient.getResourceRecordData(JndiDnsClient.java:52)
	at com.mongodb.internal.dns.DefaultDnsResolver.resolveHostFromSrvRecords(DefaultDnsResolver.java:78)
	... 2 common frames omitted
Caused by: javax.naming.NameNotFoundException: DNS name not found [response code 3]
	at jdk.naming.dns/com.sun.jndi.dns.DnsClient.checkResponseCode(DnsClient.java:726)
	at jdk.naming.dns/com.sun.jndi.dns.DnsClient.isMatchResponse(DnsClient.java:644)
	at jdk.naming.dns/com.sun.jndi.dns.DnsClient.doUdpQuery(DnsClient.java:463)
	at jdk.naming.dns/com.sun.jndi.dns.DnsClient.query(DnsClient.java:247)
	at jdk.naming.dns/com.sun.jndi.dns.Resolver.query(Resolver.java:81)
	at jdk.naming.dns/com.sun.jndi.dns.DnsContext.c_getAttributes(DnsContext.java:434)
	at java.naming/com.sun.jndi.toolkit.ctx.ComponentDirContext.p_getAttributes(ComponentDirContext.java:235)
	at java.naming/com.sun.jndi.toolkit.ctx.PartialCompositeDirContext.getAttributes(PartialCompositeDirContext.java:141)
	at java.naming/com.sun.jndi.toolkit.ctx.PartialCompositeDirContext.getAttributes(PartialCompositeDirContext.java:129)
	at java.naming/javax.naming.directory.InitialDirContext.getAttributes(InitialDirContext.java:171)
	at com.mongodb.internal.dns.JndiDnsClient.getResourceRecordData(JndiDnsClient.java:41)
	... 3 common frames omitted
2025-05-03 16:53:35 [main] WARN  o.s.b.w.s.c.AnnotationConfigServletWebServerApplicationContext - Exception encountered during context initialization - cancelling refresh attempt: org.springframework.beans.factory.BeanCreationException: Error creating bean with name 'initialDataConfig': Invocation of init method failed
2025-05-03 16:53:35 [main] INFO  o.a.catalina.core.StandardService - Stopping service [Tomcat]
2025-05-03 16:53:35 [main] WARN  o.a.c.loader.WebappClassLoaderBase - The web application [api#v1] appears to have started a thread named [BufferPoolPruner-1-thread-1] but has failed to stop it. This is very likely to create a memory leak. Stack trace of thread:
 java.base/jdk.internal.misc.Unsafe.park(Native Method)
 java.base/java.util.concurrent.locks.LockSupport.parkNanos(LockSupport.java:269)
 java.base/java.util.concurrent.locks.AbstractQueuedSynchronizer$ConditionObject.awaitNanos(AbstractQueuedSynchronizer.java:1763)
 java.base/java.util.concurrent.ScheduledThreadPoolExecutor$DelayedWorkQueue.take(ScheduledThreadPoolExecutor.java:1182)
 java.base/java.util.concurrent.ScheduledThreadPoolExecutor$DelayedWorkQueue.take(ScheduledThreadPoolExecutor.java:899)
 java.base/java.util.concurrent.ThreadPoolExecutor.getTask(ThreadPoolExecutor.java:1070)
 java.base/java.util.concurrent.ThreadPoolExecutor.runWorker(ThreadPoolExecutor.java:1130)
 java.base/java.util.concurrent.ThreadPoolExecutor$Worker.run(ThreadPoolExecutor.java:642)
 java.base/java.lang.Thread.run(Thread.java:1583)
2025-05-03 16:53:35 [main] INFO  o.s.b.a.l.ConditionEvaluationReportLogger - 

Error starting ApplicationContext. To display the condition evaluation report re-run your application with 'debug' enabled.
2025-05-03 16:53:35 [main] ERROR o.s.boot.SpringApplication - Application run failed
org.springframework.beans.factory.BeanCreationException: Error creating bean with name 'initialDataConfig': Invocation of init method failed
	at org.springframework.beans.factory.annotation.InitDestroyAnnotationBeanPostProcessor.postProcessBeforeInitialization(InitDestroyAnnotationBeanPostProcessor.java:222)
	at org.springframework.beans.factory.support.AbstractAutowireCapableBeanFactory.applyBeanPostProcessorsBeforeInitialization(AbstractAutowireCapableBeanFactory.java:422)
	at org.springframework.beans.factory.support.AbstractAutowireCapableBeanFactory.initializeBean(AbstractAutowireCapableBeanFactory.java:1778)
	at org.springframework.beans.factory.support.AbstractAutowireCapableBeanFactory.doCreateBean(AbstractAutowireCapableBeanFactory.java:600)
	at org.springframework.beans.factory.support.AbstractAutowireCapableBeanFactory.createBean(AbstractAutowireCapableBeanFactory.java:522)
	at org.springframework.beans.factory.support.AbstractBeanFactory.lambda$doGetBean$0(AbstractBeanFactory.java:326)
	at org.springframework.beans.factory.support.DefaultSingletonBeanRegistry.getSingleton(DefaultSingletonBeanRegistry.java:234)
	at org.springframework.beans.factory.support.AbstractBeanFactory.doGetBean(AbstractBeanFactory.java:324)
	at org.springframework.beans.factory.support.AbstractBeanFactory.getBean(AbstractBeanFactory.java:200)
	at org.springframework.beans.factory.support.DefaultListableBeanFactory.preInstantiateSingletons(DefaultListableBeanFactory.java:975)
	at org.springframework.context.support.AbstractApplicationContext.finishBeanFactoryInitialization(AbstractApplicationContext.java:962)
	at org.springframework.context.support.AbstractApplicationContext.refresh(AbstractApplicationContext.java:624)
	at org.springframework.boot.web.servlet.context.ServletWebServerApplicationContext.refresh(ServletWebServerApplicationContext.java:146)
	at org.springframework.boot.SpringApplication.refresh(SpringApplication.java:754)
	at org.springframework.boot.SpringApplication.refreshContext(SpringApplication.java:456)
	at org.springframework.boot.SpringApplication.run(SpringApplication.java:334)
	at org.springframework.boot.SpringApplication.run(SpringApplication.java:1354)
	at org.springframework.boot.SpringApplication.run(SpringApplication.java:1343)
	at com.shemeel.portfolio.PortfolioApplication.main(PortfolioApplication.java:17)
Caused by: org.springframework.dao.DataAccessResourceFailureException: Timed out after 30000 ms while waiting for a server that matches ReadPreferenceServerSelector{readPreference=primary}. Client view of cluster state is {type=UNKNOWN, srvResolutionException=com.mongodb.MongoConfigurationException: Failed looking up SRV record for '_mongodb._tcp.cluster0.8qgqg.mongodb.net'., servers=[]
	at org.springframework.data.mongodb.core.MongoExceptionTranslator.translateExceptionIfPossible(MongoExceptionTranslator.java:88)
	at org.springframework.data.mongodb.core.MongoTemplate.potentiallyConvertRuntimeException(MongoTemplate.java:2997)
	at org.springframework.data.mongodb.core.MongoTemplate.execute(MongoTemplate.java:603)
	at org.springframework.data.mongodb.core.MongoTemplate.doExactCount(MongoTemplate.java:1225)
	at org.springframework.data.mongodb.core.MongoTemplate.doCount(MongoTemplate.java:1194)
	at org.springframework.data.mongodb.core.MongoTemplate.count(MongoTemplate.java:1183)
	at org.springframework.data.mongodb.core.MongoTemplate.count(MongoTemplate.java:1164)
	at org.springframework.data.mongodb.repository.support.SimpleMongoRepository.count(SimpleMongoRepository.java:160)
	at java.base/jdk.internal.reflect.DirectMethodHandleAccessor.invoke(DirectMethodHandleAccessor.java:103)
	at java.base/java.lang.reflect.Method.invoke(Method.java:580)
	at org.springframework.aop.support.AopUtils.invokeJoinpointUsingReflection(AopUtils.java:351)
	at org.springframework.data.repository.core.support.RepositoryMethodInvoker$RepositoryFragmentMethodInvoker.lambda$new$0(RepositoryMethodInvoker.java:277)
	at org.springframework.data.repository.core.support.RepositoryMethodInvoker.doInvoke(RepositoryMethodInvoker.java:170)
	at org.springframework.data.repository.core.support.RepositoryMethodInvoker.invoke(RepositoryMethodInvoker.java:158)
	at org.springframework.data.repository.core.support.RepositoryComposition$RepositoryFragments.invoke(RepositoryComposition.java:516)
	at org.springframework.data.repository.core.support.RepositoryComposition.invoke(RepositoryComposition.java:285)
	at org.springframework.data.repository.core.support.RepositoryFactorySupport$ImplementationMethodExecutionInterceptor.invoke(RepositoryFactorySupport.java:628)
	at org.springframework.aop.framework.ReflectiveMethodInvocation.proceed(ReflectiveMethodInvocation.java:184)
	at org.springframework.data.repository.core.support.QueryExecutorMethodInterceptor.doInvoke(QueryExecutorMethodInterceptor.java:168)
	at org.springframework.data.repository.core.support.QueryExecutorMethodInterceptor.invoke(QueryExecutorMethodInterceptor.java:143)
	at org.springframework.aop.framework.ReflectiveMethodInvocation.proceed(ReflectiveMethodInvocation.java:184)
	at org.springframework.data.projection.DefaultMethodInvokingMethodInterceptor.invoke(DefaultMethodInvokingMethodInterceptor.java:70)
	at org.springframework.aop.framework.ReflectiveMethodInvocation.proceed(ReflectiveMethodInvocation.java:184)
	at org.springframework.data.mongodb.repository.support.CrudMethodMetadataPostProcessor$CrudMethodMetadataPopulatingMethodInterceptor.invoke(CrudMethodMetadataPostProcessor.java:158)
	at org.springframework.aop.framework.ReflectiveMethodInvocation.proceed(ReflectiveMethodInvocation.java:184)
	at org.springframework.aop.interceptor.ExposeInvocationInterceptor.invoke(ExposeInvocationInterceptor.java:97)
	at org.springframework.aop.framework.ReflectiveMethodInvocation.proceed(ReflectiveMethodInvocation.java:184)
	at org.springframework.aop.framework.JdkDynamicAopProxy.invoke(JdkDynamicAopProxy.java:220)
	at jdk.proxy2/jdk.proxy2.$Proxy82.count(Unknown Source)
	at java.base/jdk.internal.reflect.DirectMethodHandleAccessor.invoke(DirectMethodHandleAccessor.java:103)
	at java.base/java.lang.reflect.Method.invoke(Method.java:580)
	at org.springframework.aop.support.AopUtils.invokeJoinpointUsingReflection(AopUtils.java:351)
	at org.springframework.aop.framework.ReflectiveMethodInvocation.invokeJoinpoint(ReflectiveMethodInvocation.java:196)
	at org.springframework.aop.framework.ReflectiveMethodInvocation.proceed(ReflectiveMethodInvocation.java:163)
	at org.springframework.dao.support.PersistenceExceptionTranslationInterceptor.invoke(PersistenceExceptionTranslationInterceptor.java:137)
	at org.springframework.aop.framework.ReflectiveMethodInvocation.proceed(ReflectiveMethodInvocation.java:184)
	at org.springframework.aop.framework.JdkDynamicAopProxy.invoke(JdkDynamicAopProxy.java:220)
	at jdk.proxy2/jdk.proxy2.$Proxy82.count(Unknown Source)
	at com.shemeel.portfolio.config.InitialDataConfig.init(InitialDataConfig.java:18)
	at java.base/jdk.internal.reflect.DirectMethodHandleAccessor.invoke(DirectMethodHandleAccessor.java:103)
	at java.base/java.lang.reflect.Method.invoke(Method.java:580)
	at org.springframework.beans.factory.annotation.InitDestroyAnnotationBeanPostProcessor$LifecycleMethod.invoke(InitDestroyAnnotationBeanPostProcessor.java:457)
	at org.springframework.beans.factory.annotation.InitDestroyAnnotationBeanPostProcessor$LifecycleMetadata.invokeInitMethods(InitDestroyAnnotationBeanPostProcessor.java:401)
	at org.springframework.beans.factory.annotation.InitDestroyAnnotationBeanPostProcessor.postProcessBeforeInitialization(InitDestroyAnnotationBeanPostProcessor.java:219)
	... 18 common frames omitted
Caused by: com.mongodb.MongoTimeoutException: Timed out after 30000 ms while waiting for a server that matches ReadPreferenceServerSelector{readPreference=primary}. Client view of cluster state is {type=UNKNOWN, srvResolutionException=com.mongodb.MongoConfigurationException: Failed looking up SRV record for '_mongodb._tcp.cluster0.8qgqg.mongodb.net'., servers=[]
	at com.mongodb.internal.connection.BaseCluster.createTimeoutException(BaseCluster.java:380)
	at com.mongodb.internal.connection.BaseCluster.selectServer(BaseCluster.java:125)
	at com.mongodb.internal.connection.AbstractMultiServerCluster.selectServer(AbstractMultiServerCluster.java:54)
	at com.mongodb.internal.binding.ClusterBinding.getReadConnectionSource(ClusterBinding.java:116)
	at com.mongodb.client.internal.ClientSessionBinding.getConnectionSource(ClientSessionBinding.java:128)
	at com.mongodb.client.internal.ClientSessionBinding.getReadConnectionSource(ClientSessionBinding.java:92)
	at com.mongodb.internal.operation.SyncOperationHelper.withSuppliedResource(SyncOperationHelper.java:144)
	at com.mongodb.internal.operation.SyncOperationHelper.withSourceAndConnection(SyncOperationHelper.java:125)
	at com.mongodb.internal.operation.SyncOperationHelper.lambda$executeRetryableRead$4(SyncOperationHelper.java:189)
	at com.mongodb.internal.operation.SyncOperationHelper.lambda$decorateReadWithRetries$12(SyncOperationHelper.java:292)
	at com.mongodb.internal.async.function.RetryingSyncSupplier.get(RetryingSyncSupplier.java:67)
	at com.mongodb.internal.operation.SyncOperationHelper.executeRetryableRead(SyncOperationHelper.java:194)
	at com.mongodb.internal.operation.SyncOperationHelper.executeRetryableRead(SyncOperationHelper.java:176)
	at com.mongodb.internal.operation.AggregateOperationImpl.execute(AggregateOperationImpl.java:193)
	at com.mongodb.internal.operation.AggregateOperation.execute(AggregateOperation.java:153)
	at com.mongodb.internal.operation.CountDocumentsOperation.execute(CountDocumentsOperation.java:134)
	at com.mongodb.internal.operation.CountDocumentsOperation.execute(CountDocumentsOperation.java:41)
	at com.mongodb.client.internal.MongoClientDelegate$DelegateOperationExecutor.execute(MongoClientDelegate.java:153)
	at com.mongodb.client.internal.MongoCollectionImpl.executeCount(MongoCollectionImpl.java:227)
	at com.mongodb.client.internal.MongoCollectionImpl.countDocuments(MongoCollectionImpl.java:197)
	at org.springframework.data.mongodb.core.MongoTemplate.lambda$doExactCount$15(MongoTemplate.java:1226)
	at org.springframework.data.mongodb.core.MongoTemplate.execute(MongoTemplate.java:601)
	... 59 common frames omitted
2025-05-03 16:54:13 [main] INFO  c.s.portfolio.PortfolioApplication - Starting PortfolioApplication using Java 21.0.6 with PID 18054 (/Users/muhammedshemeeladmin/cursor/shemeel-portfolio-web/backend/target/classes started by muhammedshemeeladmin in /Users/muhammedshemeeladmin/cursor/shemeel-portfolio-web/backend)
2025-05-03 16:54:13 [main] DEBUG c.s.portfolio.PortfolioApplication - Running with Spring Boot v3.2.4, Spring v6.1.5
2025-05-03 16:54:13 [main] INFO  c.s.portfolio.PortfolioApplication - No active profile set, falling back to 1 default profile: "default"
2025-05-03 16:54:13 [main] INFO  o.s.d.r.c.RepositoryConfigurationDelegate - Bootstrapping Spring Data MongoDB repositories in DEFAULT mode.
2025-05-03 16:54:14 [main] INFO  o.s.d.r.c.RepositoryConfigurationDelegate - Finished Spring Data repository scanning in 22 ms. Found 5 MongoDB repository interfaces.
2025-05-03 16:54:14 [main] INFO  o.s.b.w.e.tomcat.TomcatWebServer - Tomcat initialized with port 8080 (http)
2025-05-03 16:54:14 [main] INFO  o.a.catalina.core.StandardService - Starting service [Tomcat]
2025-05-03 16:54:14 [main] INFO  o.a.catalina.core.StandardEngine - Starting Servlet engine: [Apache Tomcat/10.1.19]
2025-05-03 16:54:14 [main] INFO  o.a.c.c.C.[.[localhost].[/api/v1] - Initializing Spring embedded WebApplicationContext
2025-05-03 16:54:14 [main] INFO  o.s.b.w.s.c.ServletWebServerApplicationContext - Root WebApplicationContext: initialization completed in 522 ms
2025-05-03 16:54:14 [main] INFO  org.mongodb.driver.client - MongoClient with metadata {"application": {"name": "Cluster0"}, "driver": {"name": "mongo-java-driver|sync|spring-boot", "version": "4.11.1"}, "os": {"type": "Darwin", "name": "Mac OS X", "architecture": "aarch64", "version": "15.4.1"}, "platform": "Java/Amazon.com Inc./21.0.6+7-LTS"} created with settings MongoClientSettings{readPreference=primary, writeConcern=WriteConcern{w=majority, wTimeout=null ms, journal=null}, retryWrites=true, retryReads=true, readConcern=ReadConcern{level=null}, credential=MongoCredential{mechanism=null, userName='mshemeel007', source='admin', password=<hidden>, mechanismProperties=<hidden>}, transportSettings=null, streamFactoryFactory=null, commandListeners=[], codecRegistry=ProvidersCodecRegistry{codecProviders=[ValueCodecProvider{}, BsonValueCodecProvider{}, DBRefCodecProvider{}, DBObjectCodecProvider{}, DocumentCodecProvider{}, CollectionCodecProvider{}, IterableCodecProvider{}, MapCodecProvider{}, GeoJsonCodecProvider{}, GridFSFileCodecProvider{}, Jsr310CodecProvider{}, JsonObjectCodecProvider{}, BsonCodecProvider{}, EnumCodecProvider{}, com.mongodb.client.model.mql.ExpressionCodecProvider@7c70aae1, com.mongodb.Jep395RecordCodecProvider@48cd319d, com.mongodb.KotlinCodecProvider@6f38f084]}, loggerSettings=LoggerSettings{maxDocumentLength=1000}, clusterSettings={hosts=[127.0.0.1:27017], srvHost=cluster0.hzm7yxi.mongodb.net, srvServiceName=mongodb, mode=MULTIPLE, requiredClusterType=REPLICA_SET, requiredReplicaSetName='atlas-qqexig-shard-0', serverSelector='null', clusterListeners='[]', serverSelectionTimeout='30000 ms', localThreshold='15 ms'}, socketSettings=SocketSettings{connectTimeoutMS=10000, readTimeoutMS=0, receiveBufferSize=0, proxySettings=ProxySettings{host=null, port=null, username=null, password=null}}, heartbeatSocketSettings=SocketSettings{connectTimeoutMS=10000, readTimeoutMS=10000, receiveBufferSize=0, proxySettings=ProxySettings{host=null, port=null, username=null, password=null}}, connectionPoolSettings=ConnectionPoolSettings{maxSize=100, minSize=0, maxWaitTimeMS=120000, maxConnectionLifeTimeMS=0, maxConnectionIdleTimeMS=0, maintenanceInitialDelayMS=0, maintenanceFrequencyMS=60000, connectionPoolListeners=[], maxConnecting=2}, serverSettings=ServerSettings{heartbeatFrequencyMS=10000, minHeartbeatFrequencyMS=500, serverListeners='[]', serverMonitorListeners='[]'}, sslSettings=SslSettings{enabled=true, invalidHostNameAllowed=false, context=null}, applicationName='Cluster0', compressorList=[], uuidRepresentation=JAVA_LEGACY, serverApi=null, autoEncryptionSettings=null, dnsClient=null, inetAddressResolver=null, contextProvider=null}
2025-05-03 16:54:14 [cluster-ClusterId{value='681611f661f4713e10611707', description='Cluster0'}-srv-cluster0.hzm7yxi.mongodb.net] INFO  org.mongodb.driver.cluster - Adding discovered server ac-emna2ud-shard-00-02.hzm7yxi.mongodb.net:27017 to client view of cluster
2025-05-03 16:54:14 [cluster-ClusterId{value='681611f661f4713e10611707', description='Cluster0'}-srv-cluster0.hzm7yxi.mongodb.net] INFO  org.mongodb.driver.cluster - Adding discovered server ac-emna2ud-shard-00-01.hzm7yxi.mongodb.net:27017 to client view of cluster
2025-05-03 16:54:14 [cluster-ClusterId{value='681611f661f4713e10611707', description='Cluster0'}-srv-cluster0.hzm7yxi.mongodb.net] INFO  org.mongodb.driver.cluster - Adding discovered server ac-emna2ud-shard-00-00.hzm7yxi.mongodb.net:27017 to client view of cluster
2025-05-03 16:54:14 [main] DEBUG c.s.portfolio.security.ApiKeyFilter - Filter 'apiKeyFilter' configured for use
2025-05-03 16:54:14 [main] DEBUG o.s.data.mongodb.core.MongoTemplate - Executing count: {} in collection: api_keys
2025-05-03 16:54:14 [main] INFO  org.mongodb.driver.cluster - No server chosen by ReadPreferenceServerSelector{readPreference=primary} from cluster description ClusterDescription{type=REPLICA_SET, connectionMode=MULTIPLE, serverDescriptions=[ServerDescription{address=ac-emna2ud-shard-00-02.hzm7yxi.mongodb.net:27017, type=UNKNOWN, state=CONNECTING}, ServerDescription{address=ac-emna2ud-shard-00-00.hzm7yxi.mongodb.net:27017, type=UNKNOWN, state=CONNECTING}, ServerDescription{address=ac-emna2ud-shard-00-01.hzm7yxi.mongodb.net:27017, type=UNKNOWN, state=CONNECTING}]}. Waiting for 30000 ms before timing out
2025-05-03 16:54:14 [cluster-ClusterId{value='681611f661f4713e10611707', description='Cluster0'}-ac-emna2ud-shard-00-00.hzm7yxi.mongodb.net:27017] INFO  org.mongodb.driver.cluster - Monitor thread successfully connected to server with description ServerDescription{address=ac-emna2ud-shard-00-00.hzm7yxi.mongodb.net:27017, type=REPLICA_SET_SECONDARY, state=CONNECTED, ok=true, minWireVersion=0, maxWireVersion=25, maxDocumentSize=16777216, logicalSessionTimeoutMinutes=30, roundTripTimeNanos=339107583, setName='atlas-qqexig-shard-0', canonicalAddress=ac-emna2ud-shard-00-00.hzm7yxi.mongodb.net:27017, hosts=[ac-emna2ud-shard-00-00.hzm7yxi.mongodb.net:27017, ac-emna2ud-shard-00-01.hzm7yxi.mongodb.net:27017, ac-emna2ud-shard-00-02.hzm7yxi.mongodb.net:27017], passives=[], arbiters=[], primary='ac-emna2ud-shard-00-01.hzm7yxi.mongodb.net:27017', tagSet=TagSet{[Tag{name='availabilityZone', value='euc1-az2'}, Tag{name='diskState', value='READY'}, Tag{name='nodeType', value='ELECTABLE'}, Tag{name='provider', value='AWS'}, Tag{name='region', value='EU_CENTRAL_1'}, Tag{name='workloadType', value='OPERATIONAL'}]}, electionId=null, setVersion=177, topologyVersion=TopologyVersion{processId=680293b8f74b95209a0ecdfb, counter=4}, lastWriteDate=Sat May 03 16:54:15 GST 2025, lastUpdateTimeNanos=398817249715791}
2025-05-03 16:54:14 [cluster-ClusterId{value='681611f661f4713e10611707', description='Cluster0'}-ac-emna2ud-shard-00-01.hzm7yxi.mongodb.net:27017] INFO  org.mongodb.driver.cluster - Monitor thread successfully connected to server with description ServerDescription{address=ac-emna2ud-shard-00-01.hzm7yxi.mongodb.net:27017, type=REPLICA_SET_PRIMARY, state=CONNECTED, ok=true, minWireVersion=0, maxWireVersion=25, maxDocumentSize=16777216, logicalSessionTimeoutMinutes=30, roundTripTimeNanos=339008000, setName='atlas-qqexig-shard-0', canonicalAddress=ac-emna2ud-shard-00-01.hzm7yxi.mongodb.net:27017, hosts=[ac-emna2ud-shard-00-00.hzm7yxi.mongodb.net:27017, ac-emna2ud-shard-00-01.hzm7yxi.mongodb.net:27017, ac-emna2ud-shard-00-02.hzm7yxi.mongodb.net:27017], passives=[], arbiters=[], primary='ac-emna2ud-shard-00-01.hzm7yxi.mongodb.net:27017', tagSet=TagSet{[Tag{name='availabilityZone', value='euc1-az3'}, Tag{name='diskState', value='READY'}, Tag{name='nodeType', value='ELECTABLE'}, Tag{name='provider', value='AWS'}, Tag{name='region', value='EU_CENTRAL_1'}, Tag{name='workloadType', value='OPERATIONAL'}]}, electionId=7fffffff0000000000000312, setVersion=177, topologyVersion=TopologyVersion{processId=6802940100725e76c74287c5, counter=6}, lastWriteDate=Sat May 03 16:54:15 GST 2025, lastUpdateTimeNanos=398817249690916}
2025-05-03 16:54:14 [cluster-ClusterId{value='681611f661f4713e10611707', description='Cluster0'}-ac-emna2ud-shard-00-02.hzm7yxi.mongodb.net:27017] INFO  org.mongodb.driver.cluster - Monitor thread successfully connected to server with description ServerDescription{address=ac-emna2ud-shard-00-02.hzm7yxi.mongodb.net:27017, type=REPLICA_SET_SECONDARY, state=CONNECTED, ok=true, minWireVersion=0, maxWireVersion=25, maxDocumentSize=16777216, logicalSessionTimeoutMinutes=30, roundTripTimeNanos=338885167, setName='atlas-qqexig-shard-0', canonicalAddress=ac-emna2ud-shard-00-02.hzm7yxi.mongodb.net:27017, hosts=[ac-emna2ud-shard-00-00.hzm7yxi.mongodb.net:27017, ac-emna2ud-shard-00-01.hzm7yxi.mongodb.net:27017, ac-emna2ud-shard-00-02.hzm7yxi.mongodb.net:27017], passives=[], arbiters=[], primary='ac-emna2ud-shard-00-01.hzm7yxi.mongodb.net:27017', tagSet=TagSet{[Tag{name='availabilityZone', value='euc1-az1'}, Tag{name='diskState', value='READY'}, Tag{name='nodeType', value='ELECTABLE'}, Tag{name='provider', value='AWS'}, Tag{name='region', value='EU_CENTRAL_1'}, Tag{name='workloadType', value='OPERATIONAL'}]}, electionId=null, setVersion=177, topologyVersion=TopologyVersion{processId=6802944cfad2634e2af1326b, counter=3}, lastWriteDate=Sat May 03 16:54:15 GST 2025, lastUpdateTimeNanos=398817249690958}
2025-05-03 16:54:14 [cluster-ClusterId{value='681611f661f4713e10611707', description='Cluster0'}-ac-emna2ud-shard-00-01.hzm7yxi.mongodb.net:27017] INFO  org.mongodb.driver.cluster - Discovered replica set primary ac-emna2ud-shard-00-01.hzm7yxi.mongodb.net:27017 with max election id 7fffffff0000000000000312 and max set version 177
2025-05-03 16:54:15 [main] DEBUG o.s.data.mongodb.core.MongoTemplate - Inserting Document containing fields: [key, name, description, active, _class] in collection: api_keys
2025-05-03 16:54:15 [main] WARN  o.s.b.w.s.c.AnnotationConfigServletWebServerApplicationContext - Exception encountered during context initialization - cancelling refresh attempt: org.springframework.beans.factory.UnsatisfiedDependencyException: Error creating bean with name 'authenticationController' defined in file [/Users/muhammedshemeeladmin/cursor/shemeel-portfolio-web/backend/target/classes/com/shemeel/portfolio/controller/AuthenticationController.class]: Unsatisfied dependency expressed through constructor parameter 0: No qualifying bean of type 'com.shemeel.portfolio.service.AuthenticationService' available: expected at least 1 bean which qualifies as autowire candidate. Dependency annotations: {}
2025-05-03 16:54:16 [main] INFO  o.a.catalina.core.StandardService - Stopping service [Tomcat]
2025-05-03 16:54:16 [main] WARN  o.a.c.loader.WebappClassLoaderBase - The web application [api#v1] appears to have started a thread named [BufferPoolPruner-1-thread-1] but has failed to stop it. This is very likely to create a memory leak. Stack trace of thread:
 java.base/jdk.internal.misc.Unsafe.park(Native Method)
 java.base/java.util.concurrent.locks.LockSupport.parkNanos(LockSupport.java:269)
 java.base/java.util.concurrent.locks.AbstractQueuedSynchronizer$ConditionObject.awaitNanos(AbstractQueuedSynchronizer.java:1763)
 java.base/java.util.concurrent.ScheduledThreadPoolExecutor$DelayedWorkQueue.take(ScheduledThreadPoolExecutor.java:1182)
 java.base/java.util.concurrent.ScheduledThreadPoolExecutor$DelayedWorkQueue.take(ScheduledThreadPoolExecutor.java:899)
 java.base/java.util.concurrent.ThreadPoolExecutor.getTask(ThreadPoolExecutor.java:1070)
 java.base/java.util.concurrent.ThreadPoolExecutor.runWorker(ThreadPoolExecutor.java:1130)
 java.base/java.util.concurrent.ThreadPoolExecutor$Worker.run(ThreadPoolExecutor.java:642)
 java.base/java.lang.Thread.run(Thread.java:1583)
2025-05-03 16:54:16 [main] INFO  o.s.b.a.l.ConditionEvaluationReportLogger - 

Error starting ApplicationContext. To display the condition evaluation report re-run your application with 'debug' enabled.
2025-05-03 16:54:16 [main] ERROR o.s.b.d.LoggingFailureAnalysisReporter - 

***************************
APPLICATION FAILED TO START
***************************

Description:

Parameter 0 of constructor in com.shemeel.portfolio.controller.AuthenticationController required a bean of type 'com.shemeel.portfolio.service.AuthenticationService' that could not be found.


Action:

Consider defining a bean of type 'com.shemeel.portfolio.service.AuthenticationService' in your configuration.

2025-05-03 16:56:45 [main] INFO  c.s.portfolio.PortfolioApplication - Starting PortfolioApplication using Java 21.0.6 with PID 18798 (/Users/muhammedshemeeladmin/cursor/shemeel-portfolio-web/backend/target/classes started by muhammedshemeeladmin in /Users/muhammedshemeeladmin/cursor/shemeel-portfolio-web/backend)
2025-05-03 16:56:45 [main] DEBUG c.s.portfolio.PortfolioApplication - Running with Spring Boot v3.2.4, Spring v6.1.5
2025-05-03 16:56:45 [main] INFO  c.s.portfolio.PortfolioApplication - No active profile set, falling back to 1 default profile: "default"
2025-05-03 16:56:45 [main] INFO  o.s.d.r.c.RepositoryConfigurationDelegate - Bootstrapping Spring Data MongoDB repositories in DEFAULT mode.
2025-05-03 16:56:45 [main] INFO  o.s.d.r.c.RepositoryConfigurationDelegate - Finished Spring Data repository scanning in 18 ms. Found 5 MongoDB repository interfaces.
2025-05-03 16:56:45 [main] INFO  o.s.b.w.e.tomcat.TomcatWebServer - Tomcat initialized with port 8080 (http)
2025-05-03 16:56:45 [main] INFO  o.a.catalina.core.StandardService - Starting service [Tomcat]
2025-05-03 16:56:45 [main] INFO  o.a.catalina.core.StandardEngine - Starting Servlet engine: [Apache Tomcat/10.1.19]
2025-05-03 16:56:45 [main] INFO  o.a.c.c.C.[.[localhost].[/api/v1] - Initializing Spring embedded WebApplicationContext
2025-05-03 16:56:45 [main] INFO  o.s.b.w.s.c.ServletWebServerApplicationContext - Root WebApplicationContext: initialization completed in 452 ms
2025-05-03 16:56:45 [main] INFO  org.mongodb.driver.client - MongoClient with metadata {"application": {"name": "Cluster0"}, "driver": {"name": "mongo-java-driver|sync|spring-boot", "version": "4.11.1"}, "os": {"type": "Darwin", "name": "Mac OS X", "architecture": "aarch64", "version": "15.4.1"}, "platform": "Java/Amazon.com Inc./21.0.6+7-LTS"} created with settings MongoClientSettings{readPreference=primary, writeConcern=WriteConcern{w=majority, wTimeout=null ms, journal=null}, retryWrites=true, retryReads=true, readConcern=ReadConcern{level=null}, credential=MongoCredential{mechanism=null, userName='mshemeel007', source='admin', password=<hidden>, mechanismProperties=<hidden>}, transportSettings=null, streamFactoryFactory=null, commandListeners=[], codecRegistry=ProvidersCodecRegistry{codecProviders=[ValueCodecProvider{}, BsonValueCodecProvider{}, DBRefCodecProvider{}, DBObjectCodecProvider{}, DocumentCodecProvider{}, CollectionCodecProvider{}, IterableCodecProvider{}, MapCodecProvider{}, GeoJsonCodecProvider{}, GridFSFileCodecProvider{}, Jsr310CodecProvider{}, JsonObjectCodecProvider{}, BsonCodecProvider{}, EnumCodecProvider{}, com.mongodb.client.model.mql.ExpressionCodecProvider@6aa7e176, com.mongodb.Jep395RecordCodecProvider@52abed9d, com.mongodb.KotlinCodecProvider@281b2dfd]}, loggerSettings=LoggerSettings{maxDocumentLength=1000}, clusterSettings={hosts=[127.0.0.1:27017], srvHost=cluster0.hzm7yxi.mongodb.net, srvServiceName=mongodb, mode=MULTIPLE, requiredClusterType=REPLICA_SET, requiredReplicaSetName='atlas-qqexig-shard-0', serverSelector='null', clusterListeners='[]', serverSelectionTimeout='30000 ms', localThreshold='15 ms'}, socketSettings=SocketSettings{connectTimeoutMS=10000, readTimeoutMS=0, receiveBufferSize=0, proxySettings=ProxySettings{host=null, port=null, username=null, password=null}}, heartbeatSocketSettings=SocketSettings{connectTimeoutMS=10000, readTimeoutMS=10000, receiveBufferSize=0, proxySettings=ProxySettings{host=null, port=null, username=null, password=null}}, connectionPoolSettings=ConnectionPoolSettings{maxSize=100, minSize=0, maxWaitTimeMS=120000, maxConnectionLifeTimeMS=0, maxConnectionIdleTimeMS=0, maintenanceInitialDelayMS=0, maintenanceFrequencyMS=60000, connectionPoolListeners=[], maxConnecting=2}, serverSettings=ServerSettings{heartbeatFrequencyMS=10000, minHeartbeatFrequencyMS=500, serverListeners='[]', serverMonitorListeners='[]'}, sslSettings=SslSettings{enabled=true, invalidHostNameAllowed=false, context=null}, applicationName='Cluster0', compressorList=[], uuidRepresentation=JAVA_LEGACY, serverApi=null, autoEncryptionSettings=null, dnsClient=null, inetAddressResolver=null, contextProvider=null}
2025-05-03 16:56:45 [cluster-ClusterId{value='6816128df283e62fce4fd575', description='Cluster0'}-srv-cluster0.hzm7yxi.mongodb.net] INFO  org.mongodb.driver.cluster - Adding discovered server ac-emna2ud-shard-00-02.hzm7yxi.mongodb.net:27017 to client view of cluster
2025-05-03 16:56:45 [cluster-ClusterId{value='6816128df283e62fce4fd575', description='Cluster0'}-srv-cluster0.hzm7yxi.mongodb.net] INFO  org.mongodb.driver.cluster - Adding discovered server ac-emna2ud-shard-00-01.hzm7yxi.mongodb.net:27017 to client view of cluster
2025-05-03 16:56:45 [cluster-ClusterId{value='6816128df283e62fce4fd575', description='Cluster0'}-srv-cluster0.hzm7yxi.mongodb.net] INFO  org.mongodb.driver.cluster - Adding discovered server ac-emna2ud-shard-00-00.hzm7yxi.mongodb.net:27017 to client view of cluster
2025-05-03 16:56:45 [main] DEBUG c.s.portfolio.security.ApiKeyFilter - Filter 'apiKeyFilter' configured for use
2025-05-03 16:56:45 [main] DEBUG o.s.data.mongodb.core.MongoTemplate - Executing count: {} in collection: api_keys
2025-05-03 16:56:46 [main] INFO  org.mongodb.driver.cluster - No server chosen by ReadPreferenceServerSelector{readPreference=primary} from cluster description ClusterDescription{type=REPLICA_SET, connectionMode=MULTIPLE, serverDescriptions=[ServerDescription{address=ac-emna2ud-shard-00-02.hzm7yxi.mongodb.net:27017, type=UNKNOWN, state=CONNECTING}, ServerDescription{address=ac-emna2ud-shard-00-00.hzm7yxi.mongodb.net:27017, type=UNKNOWN, state=CONNECTING}, ServerDescription{address=ac-emna2ud-shard-00-01.hzm7yxi.mongodb.net:27017, type=UNKNOWN, state=CONNECTING}]}. Waiting for 30000 ms before timing out
2025-05-03 16:56:46 [cluster-ClusterId{value='6816128df283e62fce4fd575', description='Cluster0'}-ac-emna2ud-shard-00-01.hzm7yxi.mongodb.net:27017] INFO  org.mongodb.driver.cluster - Monitor thread successfully connected to server with description ServerDescription{address=ac-emna2ud-shard-00-01.hzm7yxi.mongodb.net:27017, type=REPLICA_SET_PRIMARY, state=CONNECTED, ok=true, minWireVersion=0, maxWireVersion=25, maxDocumentSize=16777216, logicalSessionTimeoutMinutes=30, roundTripTimeNanos=353073166, setName='atlas-qqexig-shard-0', canonicalAddress=ac-emna2ud-shard-00-01.hzm7yxi.mongodb.net:27017, hosts=[ac-emna2ud-shard-00-00.hzm7yxi.mongodb.net:27017, ac-emna2ud-shard-00-01.hzm7yxi.mongodb.net:27017, ac-emna2ud-shard-00-02.hzm7yxi.mongodb.net:27017], passives=[], arbiters=[], primary='ac-emna2ud-shard-00-01.hzm7yxi.mongodb.net:27017', tagSet=TagSet{[Tag{name='availabilityZone', value='euc1-az3'}, Tag{name='diskState', value='READY'}, Tag{name='nodeType', value='ELECTABLE'}, Tag{name='provider', value='AWS'}, Tag{name='region', value='EU_CENTRAL_1'}, Tag{name='workloadType', value='OPERATIONAL'}]}, electionId=7fffffff0000000000000312, setVersion=177, topologyVersion=TopologyVersion{processId=6802940100725e76c74287c5, counter=6}, lastWriteDate=Sat May 03 16:56:46 GST 2025, lastUpdateTimeNanos=398968772551541}
2025-05-03 16:56:46 [cluster-ClusterId{value='6816128df283e62fce4fd575', description='Cluster0'}-ac-emna2ud-shard-00-00.hzm7yxi.mongodb.net:27017] INFO  org.mongodb.driver.cluster - Monitor thread successfully connected to server with description ServerDescription{address=ac-emna2ud-shard-00-00.hzm7yxi.mongodb.net:27017, type=REPLICA_SET_SECONDARY, state=CONNECTED, ok=true, minWireVersion=0, maxWireVersion=25, maxDocumentSize=16777216, logicalSessionTimeoutMinutes=30, roundTripTimeNanos=353074834, setName='atlas-qqexig-shard-0', canonicalAddress=ac-emna2ud-shard-00-00.hzm7yxi.mongodb.net:27017, hosts=[ac-emna2ud-shard-00-00.hzm7yxi.mongodb.net:27017, ac-emna2ud-shard-00-01.hzm7yxi.mongodb.net:27017, ac-emna2ud-shard-00-02.hzm7yxi.mongodb.net:27017], passives=[], arbiters=[], primary='ac-emna2ud-shard-00-01.hzm7yxi.mongodb.net:27017', tagSet=TagSet{[Tag{name='availabilityZone', value='euc1-az2'}, Tag{name='diskState', value='READY'}, Tag{name='nodeType', value='ELECTABLE'}, Tag{name='provider', value='AWS'}, Tag{name='region', value='EU_CENTRAL_1'}, Tag{name='workloadType', value='OPERATIONAL'}]}, electionId=null, setVersion=177, topologyVersion=TopologyVersion{processId=680293b8f74b95209a0ecdfb, counter=4}, lastWriteDate=Sat May 03 16:56:46 GST 2025, lastUpdateTimeNanos=398968772556083}
2025-05-03 16:56:46 [cluster-ClusterId{value='6816128df283e62fce4fd575', description='Cluster0'}-ac-emna2ud-shard-00-02.hzm7yxi.mongodb.net:27017] INFO  org.mongodb.driver.cluster - Monitor thread successfully connected to server with description ServerDescription{address=ac-emna2ud-shard-00-02.hzm7yxi.mongodb.net:27017, type=REPLICA_SET_SECONDARY, state=CONNECTED, ok=true, minWireVersion=0, maxWireVersion=25, maxDocumentSize=16777216, logicalSessionTimeoutMinutes=30, roundTripTimeNanos=353119667, setName='atlas-qqexig-shard-0', canonicalAddress=ac-emna2ud-shard-00-02.hzm7yxi.mongodb.net:27017, hosts=[ac-emna2ud-shard-00-00.hzm7yxi.mongodb.net:27017, ac-emna2ud-shard-00-01.hzm7yxi.mongodb.net:27017, ac-emna2ud-shard-00-02.hzm7yxi.mongodb.net:27017], passives=[], arbiters=[], primary='ac-emna2ud-shard-00-01.hzm7yxi.mongodb.net:27017', tagSet=TagSet{[Tag{name='availabilityZone', value='euc1-az1'}, Tag{name='diskState', value='READY'}, Tag{name='nodeType', value='ELECTABLE'}, Tag{name='provider', value='AWS'}, Tag{name='region', value='EU_CENTRAL_1'}, Tag{name='workloadType', value='OPERATIONAL'}]}, electionId=null, setVersion=177, topologyVersion=TopologyVersion{processId=6802944cfad2634e2af1326b, counter=3}, lastWriteDate=Sat May 03 16:56:46 GST 2025, lastUpdateTimeNanos=398968772601958}
2025-05-03 16:56:46 [cluster-ClusterId{value='6816128df283e62fce4fd575', description='Cluster0'}-ac-emna2ud-shard-00-01.hzm7yxi.mongodb.net:27017] INFO  org.mongodb.driver.cluster - Discovered replica set primary ac-emna2ud-shard-00-01.hzm7yxi.mongodb.net:27017 with max election id 7fffffff0000000000000312 and max set version 177
2025-05-03 16:56:47 [main] WARN  o.s.b.a.s.s.UserDetailsServiceAutoConfiguration - 

Using generated security password: 155bb72c-2839-4bdc-924d-f9e672fd45c2

This generated password is for development use only. Your security configuration must be updated before running your application in production.

2025-05-03 16:56:47 [main] INFO  o.s.s.web.DefaultSecurityFilterChain - Will secure any request with [org.springframework.security.web.session.DisableEncodeUrlFilter@e6e5da4, org.springframework.security.web.context.request.async.WebAsyncManagerIntegrationFilter@720c8f80, org.springframework.security.web.context.SecurityContextHolderFilter@6c1e40d9, org.springframework.security.web.header.HeaderWriterFilter@25589735, org.springframework.web.filter.CorsFilter@f591271, org.springframework.security.web.authentication.logout.LogoutFilter@7b29cdea, com.shemeel.portfolio.security.ApiKeyFilter@7cc1f72c, org.springframework.security.web.savedrequest.RequestCacheAwareFilter@2e0fdc83, org.springframework.security.web.servletapi.SecurityContextHolderAwareRequestFilter@5dacf18d, org.springframework.security.web.authentication.AnonymousAuthenticationFilter@77cc6a28, org.springframework.security.web.session.SessionManagementFilter@4a944af9, org.springframework.security.web.access.ExceptionTranslationFilter@69f69078, org.springframework.security.web.access.intercept.AuthorizationFilter@4377ed24]
2025-05-03 16:56:47 [main] INFO  o.s.b.w.e.tomcat.TomcatWebServer - Tomcat started on port 8080 (http) with context path '/api/v1'
2025-05-03 16:56:47 [main] INFO  c.s.portfolio.PortfolioApplication - Started PortfolioApplication in 2.356 seconds (process running for 2.623)
2025-05-03 16:56:57 [http-nio-8080-exec-2] INFO  o.a.c.c.C.[.[localhost].[/api/v1] - Initializing Spring DispatcherServlet 'dispatcherServlet'
2025-05-03 16:56:57 [http-nio-8080-exec-2] INFO  o.s.web.servlet.DispatcherServlet - Initializing Servlet 'dispatcherServlet'
2025-05-03 16:56:57 [http-nio-8080-exec-2] INFO  o.s.web.servlet.DispatcherServlet - Completed initialization in 1 ms
2025-05-03 16:56:57 [http-nio-8080-exec-2] DEBUG o.s.security.web.FilterChainProxy - Securing GET /footer
2025-05-03 16:56:57 [http-nio-8080-exec-2] DEBUG o.s.s.w.a.AnonymousAuthenticationFilter - Set SecurityContextHolder to anonymous SecurityContext
2025-05-03 16:56:57 [http-nio-8080-exec-2] DEBUG o.s.s.w.a.Http403ForbiddenEntryPoint - Pre-authenticated entry point called. Rejecting access
2025-05-03 16:56:57 [http-nio-8080-exec-2] DEBUG o.s.security.web.FilterChainProxy - Securing GET /error
2025-05-03 16:56:57 [http-nio-8080-exec-2] DEBUG o.s.s.w.a.AnonymousAuthenticationFilter - Set SecurityContextHolder to anonymous SecurityContext
2025-05-03 16:56:57 [http-nio-8080-exec-2] DEBUG o.s.s.w.a.Http403ForbiddenEntryPoint - Pre-authenticated entry point called. Rejecting access
2025-05-03 16:57:51 [http-nio-8080-exec-3] DEBUG o.s.security.web.FilterChainProxy - Securing GET /footer
2025-05-03 16:57:51 [http-nio-8080-exec-3] DEBUG o.s.data.mongodb.core.MongoTemplate - find using query: { "key" : "default-api-key-123"} fields: Document{{}} for class: class com.shemeel.portfolio.model.ApiKey in collection: api_keys
2025-05-03 16:57:51 [http-nio-8080-exec-3] DEBUG o.s.security.web.FilterChainProxy - Secured GET /footer
2025-05-03 16:57:51 [http-nio-8080-exec-3] DEBUG o.s.data.mongodb.core.MongoTemplate - find using query: {} fields: Document{{}} for class: class com.shemeel.portfolio.model.Footer in collection: footer
2025-05-03 16:59:04 [main] INFO  c.s.portfolio.PortfolioApplication - Starting PortfolioApplication using Java 21.0.6 with PID 19369 (/Users/muhammedshemeeladmin/cursor/shemeel-portfolio-web/backend/target/classes started by muhammedshemeeladmin in /Users/muhammedshemeeladmin/cursor/shemeel-portfolio-web/backend)
2025-05-03 16:59:04 [main] DEBUG c.s.portfolio.PortfolioApplication - Running with Spring Boot v3.2.4, Spring v6.1.5
2025-05-03 16:59:04 [main] INFO  c.s.portfolio.PortfolioApplication - No active profile set, falling back to 1 default profile: "default"
2025-05-03 16:59:05 [main] INFO  o.s.d.r.c.RepositoryConfigurationDelegate - Bootstrapping Spring Data MongoDB repositories in DEFAULT mode.
2025-05-03 16:59:05 [main] INFO  o.s.d.r.c.RepositoryConfigurationDelegate - Finished Spring Data repository scanning in 18 ms. Found 5 MongoDB repository interfaces.
2025-05-03 16:59:05 [main] INFO  o.s.b.w.e.tomcat.TomcatWebServer - Tomcat initialized with port 8080 (http)
2025-05-03 16:59:05 [main] INFO  o.a.catalina.core.StandardService - Starting service [Tomcat]
2025-05-03 16:59:05 [main] INFO  o.a.catalina.core.StandardEngine - Starting Servlet engine: [Apache Tomcat/10.1.19]
2025-05-03 16:59:05 [main] INFO  o.a.c.c.C.[.[localhost].[/api/v1] - Initializing Spring embedded WebApplicationContext
2025-05-03 16:59:05 [main] INFO  o.s.b.w.s.c.ServletWebServerApplicationContext - Root WebApplicationContext: initialization completed in 454 ms
2025-05-03 16:59:05 [main] INFO  org.mongodb.driver.client - MongoClient with metadata {"application": {"name": "Cluster0"}, "driver": {"name": "mongo-java-driver|sync|spring-boot", "version": "4.11.1"}, "os": {"type": "Darwin", "name": "Mac OS X", "architecture": "aarch64", "version": "15.4.1"}, "platform": "Java/Amazon.com Inc./21.0.6+7-LTS"} created with settings MongoClientSettings{readPreference=primary, writeConcern=WriteConcern{w=majority, wTimeout=null ms, journal=null}, retryWrites=true, retryReads=true, readConcern=ReadConcern{level=null}, credential=MongoCredential{mechanism=null, userName='mshemeel007', source='admin', password=<hidden>, mechanismProperties=<hidden>}, transportSettings=null, streamFactoryFactory=null, commandListeners=[], codecRegistry=ProvidersCodecRegistry{codecProviders=[ValueCodecProvider{}, BsonValueCodecProvider{}, DBRefCodecProvider{}, DBObjectCodecProvider{}, DocumentCodecProvider{}, CollectionCodecProvider{}, IterableCodecProvider{}, MapCodecProvider{}, GeoJsonCodecProvider{}, GridFSFileCodecProvider{}, Jsr310CodecProvider{}, JsonObjectCodecProvider{}, BsonCodecProvider{}, EnumCodecProvider{}, com.mongodb.client.model.mql.ExpressionCodecProvider@1cd2143b, com.mongodb.Jep395RecordCodecProvider@1118d539, com.mongodb.KotlinCodecProvider@601d6622]}, loggerSettings=LoggerSettings{maxDocumentLength=1000}, clusterSettings={hosts=[127.0.0.1:27017], srvHost=cluster0.hzm7yxi.mongodb.net, srvServiceName=mongodb, mode=MULTIPLE, requiredClusterType=REPLICA_SET, requiredReplicaSetName='atlas-qqexig-shard-0', serverSelector='null', clusterListeners='[]', serverSelectionTimeout='30000 ms', localThreshold='15 ms'}, socketSettings=SocketSettings{connectTimeoutMS=10000, readTimeoutMS=0, receiveBufferSize=0, proxySettings=ProxySettings{host=null, port=null, username=null, password=null}}, heartbeatSocketSettings=SocketSettings{connectTimeoutMS=10000, readTimeoutMS=10000, receiveBufferSize=0, proxySettings=ProxySettings{host=null, port=null, username=null, password=null}}, connectionPoolSettings=ConnectionPoolSettings{maxSize=100, minSize=0, maxWaitTimeMS=120000, maxConnectionLifeTimeMS=0, maxConnectionIdleTimeMS=0, maintenanceInitialDelayMS=0, maintenanceFrequencyMS=60000, connectionPoolListeners=[], maxConnecting=2}, serverSettings=ServerSettings{heartbeatFrequencyMS=10000, minHeartbeatFrequencyMS=500, serverListeners='[]', serverMonitorListeners='[]'}, sslSettings=SslSettings{enabled=true, invalidHostNameAllowed=false, context=null}, applicationName='Cluster0', compressorList=[], uuidRepresentation=JAVA_LEGACY, serverApi=null, autoEncryptionSettings=null, dnsClient=null, inetAddressResolver=null, contextProvider=null}
2025-05-03 16:59:05 [cluster-ClusterId{value='6816131991309e139ab3d717', description='Cluster0'}-srv-cluster0.hzm7yxi.mongodb.net] INFO  org.mongodb.driver.cluster - Adding discovered server ac-emna2ud-shard-00-02.hzm7yxi.mongodb.net:27017 to client view of cluster
2025-05-03 16:59:05 [cluster-ClusterId{value='6816131991309e139ab3d717', description='Cluster0'}-srv-cluster0.hzm7yxi.mongodb.net] INFO  org.mongodb.driver.cluster - Adding discovered server ac-emna2ud-shard-00-01.hzm7yxi.mongodb.net:27017 to client view of cluster
2025-05-03 16:59:05 [cluster-ClusterId{value='6816131991309e139ab3d717', description='Cluster0'}-srv-cluster0.hzm7yxi.mongodb.net] INFO  org.mongodb.driver.cluster - Adding discovered server ac-emna2ud-shard-00-00.hzm7yxi.mongodb.net:27017 to client view of cluster
2025-05-03 16:59:05 [main] DEBUG c.s.portfolio.security.ApiKeyFilter - Filter 'apiKeyFilter' configured for use
2025-05-03 16:59:05 [main] DEBUG o.s.data.mongodb.core.MongoTemplate - Executing count: {} in collection: api_keys
2025-05-03 16:59:05 [main] INFO  org.mongodb.driver.cluster - No server chosen by ReadPreferenceServerSelector{readPreference=primary} from cluster description ClusterDescription{type=REPLICA_SET, connectionMode=MULTIPLE, serverDescriptions=[ServerDescription{address=ac-emna2ud-shard-00-02.hzm7yxi.mongodb.net:27017, type=UNKNOWN, state=CONNECTING}, ServerDescription{address=ac-emna2ud-shard-00-00.hzm7yxi.mongodb.net:27017, type=UNKNOWN, state=CONNECTING}, ServerDescription{address=ac-emna2ud-shard-00-01.hzm7yxi.mongodb.net:27017, type=UNKNOWN, state=CONNECTING}]}. Waiting for 30000 ms before timing out
2025-05-03 16:59:06 [cluster-ClusterId{value='6816131991309e139ab3d717', description='Cluster0'}-ac-emna2ud-shard-00-00.hzm7yxi.mongodb.net:27017] INFO  org.mongodb.driver.cluster - Monitor thread successfully connected to server with description ServerDescription{address=ac-emna2ud-shard-00-00.hzm7yxi.mongodb.net:27017, type=REPLICA_SET_SECONDARY, state=CONNECTED, ok=true, minWireVersion=0, maxWireVersion=25, maxDocumentSize=16777216, logicalSessionTimeoutMinutes=30, roundTripTimeNanos=353665916, setName='atlas-qqexig-shard-0', canonicalAddress=ac-emna2ud-shard-00-00.hzm7yxi.mongodb.net:27017, hosts=[ac-emna2ud-shard-00-00.hzm7yxi.mongodb.net:27017, ac-emna2ud-shard-00-01.hzm7yxi.mongodb.net:27017, ac-emna2ud-shard-00-02.hzm7yxi.mongodb.net:27017], passives=[], arbiters=[], primary='ac-emna2ud-shard-00-01.hzm7yxi.mongodb.net:27017', tagSet=TagSet{[Tag{name='availabilityZone', value='euc1-az2'}, Tag{name='diskState', value='READY'}, Tag{name='nodeType', value='ELECTABLE'}, Tag{name='provider', value='AWS'}, Tag{name='region', value='EU_CENTRAL_1'}, Tag{name='workloadType', value='OPERATIONAL'}]}, electionId=null, setVersion=177, topologyVersion=TopologyVersion{processId=680293b8f74b95209a0ecdfb, counter=4}, lastWriteDate=Sat May 03 16:59:06 GST 2025, lastUpdateTimeNanos=399108451564625}
2025-05-03 16:59:06 [cluster-ClusterId{value='6816131991309e139ab3d717', description='Cluster0'}-ac-emna2ud-shard-00-01.hzm7yxi.mongodb.net:27017] INFO  org.mongodb.driver.cluster - Monitor thread successfully connected to server with description ServerDescription{address=ac-emna2ud-shard-00-01.hzm7yxi.mongodb.net:27017, type=REPLICA_SET_PRIMARY, state=CONNECTED, ok=true, minWireVersion=0, maxWireVersion=25, maxDocumentSize=16777216, logicalSessionTimeoutMinutes=30, roundTripTimeNanos=351792083, setName='atlas-qqexig-shard-0', canonicalAddress=ac-emna2ud-shard-00-01.hzm7yxi.mongodb.net:27017, hosts=[ac-emna2ud-shard-00-00.hzm7yxi.mongodb.net:27017, ac-emna2ud-shard-00-01.hzm7yxi.mongodb.net:27017, ac-emna2ud-shard-00-02.hzm7yxi.mongodb.net:27017], passives=[], arbiters=[], primary='ac-emna2ud-shard-00-01.hzm7yxi.mongodb.net:27017', tagSet=TagSet{[Tag{name='availabilityZone', value='euc1-az3'}, Tag{name='diskState', value='READY'}, Tag{name='nodeType', value='ELECTABLE'}, Tag{name='provider', value='AWS'}, Tag{name='region', value='EU_CENTRAL_1'}, Tag{name='workloadType', value='OPERATIONAL'}]}, electionId=7fffffff0000000000000312, setVersion=177, topologyVersion=TopologyVersion{processId=6802940100725e76c74287c5, counter=6}, lastWriteDate=Sat May 03 16:59:06 GST 2025, lastUpdateTimeNanos=399108451587208}
2025-05-03 16:59:06 [cluster-ClusterId{value='6816131991309e139ab3d717', description='Cluster0'}-ac-emna2ud-shard-00-02.hzm7yxi.mongodb.net:27017] INFO  org.mongodb.driver.cluster - Monitor thread successfully connected to server with description ServerDescription{address=ac-emna2ud-shard-00-02.hzm7yxi.mongodb.net:27017, type=REPLICA_SET_SECONDARY, state=CONNECTED, ok=true, minWireVersion=0, maxWireVersion=25, maxDocumentSize=16777216, logicalSessionTimeoutMinutes=30, roundTripTimeNanos=353659000, setName='atlas-qqexig-shard-0', canonicalAddress=ac-emna2ud-shard-00-02.hzm7yxi.mongodb.net:27017, hosts=[ac-emna2ud-shard-00-00.hzm7yxi.mongodb.net:27017, ac-emna2ud-shard-00-01.hzm7yxi.mongodb.net:27017, ac-emna2ud-shard-00-02.hzm7yxi.mongodb.net:27017], passives=[], arbiters=[], primary='ac-emna2ud-shard-00-01.hzm7yxi.mongodb.net:27017', tagSet=TagSet{[Tag{name='availabilityZone', value='euc1-az1'}, Tag{name='diskState', value='READY'}, Tag{name='nodeType', value='ELECTABLE'}, Tag{name='provider', value='AWS'}, Tag{name='region', value='EU_CENTRAL_1'}, Tag{name='workloadType', value='OPERATIONAL'}]}, electionId=null, setVersion=177, topologyVersion=TopologyVersion{processId=6802944cfad2634e2af1326b, counter=3}, lastWriteDate=Sat May 03 16:59:06 GST 2025, lastUpdateTimeNanos=399108451561541}
2025-05-03 16:59:06 [cluster-ClusterId{value='6816131991309e139ab3d717', description='Cluster0'}-ac-emna2ud-shard-00-01.hzm7yxi.mongodb.net:27017] INFO  org.mongodb.driver.cluster - Discovered replica set primary ac-emna2ud-shard-00-01.hzm7yxi.mongodb.net:27017 with max election id 7fffffff0000000000000312 and max set version 177
2025-05-03 16:59:06 [main] WARN  o.s.b.a.s.s.UserDetailsServiceAutoConfiguration - 

Using generated security password: a2cf28f3-a03c-4613-8e45-34485623b6e1

This generated password is for development use only. Your security configuration must be updated before running your application in production.

2025-05-03 16:59:07 [main] INFO  o.s.s.web.DefaultSecurityFilterChain - Will secure any request with [org.springframework.security.web.session.DisableEncodeUrlFilter@4407b042, org.springframework.security.web.context.request.async.WebAsyncManagerIntegrationFilter@41f686af, org.springframework.security.web.context.SecurityContextHolderFilter@68c4db77, org.springframework.security.web.header.HeaderWriterFilter@a1cb94, org.springframework.web.filter.CorsFilter@3dded90a, org.springframework.security.web.authentication.logout.LogoutFilter@42dd7d82, com.shemeel.portfolio.security.ApiKeyFilter@26d40c77, org.springframework.security.web.savedrequest.RequestCacheAwareFilter@7b2e931, org.springframework.security.web.servletapi.SecurityContextHolderAwareRequestFilter@305881b8, org.springframework.security.web.authentication.AnonymousAuthenticationFilter@7be3abaa, org.springframework.security.web.session.SessionManagementFilter@690ed13a, org.springframework.security.web.access.ExceptionTranslationFilter@6fa3def8, org.springframework.security.web.access.intercept.AuthorizationFilter@2a65e237]
2025-05-03 16:59:07 [main] INFO  o.s.b.w.e.tomcat.TomcatWebServer - Tomcat started on port 8080 (http) with context path '/api/v1'
2025-05-03 16:59:07 [main] INFO  c.s.portfolio.PortfolioApplication - Started PortfolioApplication in 2.348 seconds (process running for 2.592)
